,Player_x,salary,first_name,last_name,Player_y,Team,Age,GP,W,L,Min,PTS,FGM,FGA,FG%,3PM,3PA,3P%,FTM,FTA,FT%,OREB,DREB,REB,AST,TOV,STL,BLK,PF,FP,DD2,TD3,+/-
0,Stephen Curry,50899072.0,stephen,curry,Stephen Curry,GSW,33,63,37,26,34.2,32.0,10.4,21.7,48.2,5.3,12.7,42.1,5.7,6.3,91.6,0.5,5.0,5.5,5.8,3.4,1.2,0.1,1.9,47.9,8.0,0.0,3.9
1,Chris Paul,48949159.0,chris,paul,Chris Paul,PHX,36,70,49,21,31.4,16.4,6.3,12.6,49.9,1.5,3.7,39.5,2.4,2.6,93.4,0.4,4.1,4.5,8.9,2.2,1.4,0.3,2.4,37.9,25.0,1.0,4.4
2,Russell Westbrook,48949159.0,russell,westbrook,Russell Westbrook,WAS,32,65,30,35,36.4,22.2,8.4,19.0,43.9,1.3,4.2,31.5,4.2,6.4,65.6,1.7,9.9,11.5,11.7,4.8,1.4,0.4,2.9,54.1,59.0,38.0,-1.4
3,James Harden,48826198.0,james,harden,James Harden,BKN,31,44,31,13,36.6,24.6,7.8,16.7,46.6,2.8,7.6,36.2,6.3,7.3,86.1,0.8,7.1,7.9,10.8,4.0,1.2,0.8,2.3,52.1,32.0,12.0,2.3
4,John Wall,48826198.0,john,wall,John Wall,HOU,30,40,12,28,32.2,20.6,7.3,18.2,40.4,2.0,6.2,31.7,4.0,5.3,74.9,0.4,2.8,3.2,6.9,3.5,1.1,0.8,1.2,36.7,7.0,1.0,-4.2
5,Kevin Durant,47469914.0,kevin,durant,Kevin Durant,BKN,32,35,23,12,33.1,26.9,9.3,17.2,53.7,2.4,5.4,45.0,6.0,6.8,88.2,0.4,6.7,7.1,5.6,3.4,0.7,1.3,2.0,46.3,12.0,0.0,8.0
6,LeBron James,46417307.0,lebron,james,LeBron James,LAL,36,45,30,15,33.4,25.0,9.4,18.3,51.3,2.3,6.3,36.5,4.0,5.7,69.8,0.6,7.0,7.7,7.8,3.7,1.1,0.6,1.6,47.0,18.0,5.0,6.4
7,Paul George,41956422.0,paul,george,Paul George,LAC,31,54,38,16,33.7,23.3,8.2,17.6,46.7,3.2,7.7,41.1,3.7,4.2,86.8,0.8,5.8,6.6,5.2,3.3,1.1,0.4,2.4,40.5,9.0,0.0,8.0
8,Mike Conley,40834109.0,mike,conley,Mike Conley,UTA,33,51,37,14,29.4,16.2,5.6,12.5,44.4,2.7,6.6,41.2,2.4,2.8,85.2,0.7,2.8,3.5,6.0,1.9,1.4,0.2,1.9,32.1,6.0,0.0,10.7
9,Kemba Walker,40688498.0,kemba,walker,Kemba Walker,BOS,31,43,22,21,31.8,19.3,6.6,15.7,42.0,3.0,8.2,36.0,3.1,3.5,89.9,0.4,3.6,4.0,4.9,2.0,1.1,0.3,1.4,33.6,0.0,0.0,2.2
10,Kawhi Leonard,40688498.0,kawhi,leonard,Kawhi Leonard,LAC,30,52,36,16,34.1,24.8,8.9,17.5,51.2,1.9,4.9,39.8,5.0,5.7,88.5,1.1,5.4,6.5,5.2,2.0,1.6,0.4,1.6,44.2,9.0,0.0,8.6
11,Jimmy Butler,40688498.0,jimmy,butler,Jimmy Butler,MIA,31,52,33,19,33.6,21.5,7.0,14.2,49.7,0.5,2.0,24.5,6.9,8.0,86.3,1.8,5.1,6.9,7.1,2.1,2.1,0.3,1.4,45.6,17.0,4.0,3.8
12,Tobias Harris,40664532.0,tobias,harris,Tobias Harris,PHI,28,62,44,18,32.5,19.5,7.6,14.9,51.2,1.3,3.4,39.4,2.9,3.3,89.2,1.0,5.8,6.8,3.5,1.7,0.9,0.8,1.9,36.4,11.0,0.0,5.2
13,Blake Griffin,40121756.0,blake,griffin,Blake Griffin,BKN,32,46,24,22,25.8,11.0,3.8,8.9,42.3,1.5,4.5,34.1,1.9,2.5,74.4,0.8,4.1,4.9,3.0,1.3,0.7,0.3,2.4,23.1,2.0,0.0,1.3
14,Kyrie Irving,39911810.0,kyrie,irving,Kyrie Irving,BKN,29,54,36,18,34.9,26.9,10.2,20.1,50.6,2.8,7.0,40.2,3.7,4.0,92.2,1.0,3.8,4.8,6.0,2.4,1.4,0.7,2.6,45.5,8.0,0.0,4.2
15,Khris Middleton,39117516.0,khris,middleton,Khris Middleton,MIL,29,68,45,23,33.4,20.4,7.5,15.8,47.6,2.2,5.4,41.4,3.1,3.5,89.8,0.8,5.2,6.0,5.4,2.6,1.1,0.1,2.4,36.7,10.0,0.0,4.3
16,Anthony Davis,38750950.0,anthony,davis,Anthony Davis,LAL,28,36,23,13,32.3,21.8,8.4,17.0,49.1,0.7,2.8,26.0,4.4,5.9,73.8,1.7,6.2,7.9,3.1,2.1,1.3,1.6,1.7,42.6,12.0,0.0,3.2
17,Damian Lillard,37431265.0,damian,lillard,Damian Lillard,POR,30,67,39,28,35.8,28.8,9.0,19.9,45.1,4.1,10.5,39.1,6.7,7.2,92.8,0.5,3.7,4.2,7.5,3.0,0.9,0.3,1.5,45.7,16.0,0.0,3.0
18,Kevin Love,36994903.0,kevin,love,Kevin Love,CLE,32,25,7,18,24.9,12.2,4.1,10.1,40.9,2.3,6.2,36.5,1.7,2.0,82.4,0.7,6.8,7.4,2.5,1.5,0.6,0.1,1.0,25.5,5.0,0.0,-2.9
19,Ben Simmons,36167554.0,ben,simmons,Ben Simmons,PHI,24,58,42,16,32.4,14.3,5.6,10.1,55.7,0.1,0.2,30.0,3.0,4.9,61.3,1.6,5.6,7.2,6.9,3.0,1.6,0.6,2.9,36.9,13.0,4.0,5.7
20,Pascal Siakam,36167554.0,pascal,siakam,Pascal Siakam,TOR,27,56,21,35,35.8,21.4,7.8,17.2,45.5,1.3,4.4,29.7,4.4,5.4,82.7,1.7,5.5,7.2,4.5,2.3,1.1,0.7,3.1,39.8,13.0,1.0,2.3
21,Kyle Lowry,36097489.0,kyle,lowry,Kyle Lowry,TOR,35,46,15,31,34.8,17.2,5.7,13.0,43.6,2.8,7.2,39.6,3.0,3.5,87.5,0.8,4.6,5.4,7.3,2.7,1.0,0.3,3.1,35.8,9.0,2.0,-0.1
22,Steven Adams,35023672.0,steven,adams,Steven Adams,NOP,27,58,26,32,27.7,7.6,3.3,5.3,61.4,0.0,0.1,0.0,1.0,2.3,44.4,3.7,5.2,8.9,1.9,1.3,0.9,0.7,1.9,24.5,13.0,1.0,0.3
23,Nikola Jokic,34963685.0,nikola,jokic,Nikola Jokic,DEN,26,72,47,25,34.6,26.4,10.2,18.0,56.6,1.3,3.3,38.8,4.8,5.5,86.8,2.8,8.0,10.8,8.3,3.1,1.3,0.7,2.7,54.7,60.0,16.0,5.3
24,Andrew Wiggins,34963685.0,andrew,wiggins,Andrew Wiggins,GSW,26,71,38,33,33.3,18.6,7.1,14.9,47.7,2.0,5.2,38.0,2.4,3.4,71.4,1.2,3.7,4.9,2.4,1.8,0.9,1.0,2.2,32.0,3.0,0.0,0.0
25,Joel Embiid,34963685.0,joel,embiid,Joel Embiid,PHI,27,51,39,12,31.1,28.5,9.0,17.6,51.3,1.1,3.0,37.7,9.2,10.7,85.9,2.2,8.4,10.6,2.8,3.1,1.0,1.4,2.4,49.3,31.0,0.0,7.9
26,Kristaps Porzingis,34875855.0,kristaps,porzingis,Kristaps Porzingis,DAL,25,43,26,17,30.9,20.1,7.6,15.9,47.6,2.3,6.0,37.6,2.7,3.2,85.5,1.9,7.0,8.9,1.6,1.2,0.5,1.3,2.7,37.4,16.0,0.0,0.2
27,Karl-Anthony Towns,34875855.0,karl-anthony,towns,Karl-Anthony Towns,MIN,25,50,19,31,33.8,24.8,8.5,17.5,48.6,2.4,6.3,38.7,5.3,6.2,85.9,2.7,7.9,10.6,4.5,3.2,0.8,1.1,3.7,46.8,33.0,0.0,0.2
28,Devin Booker,34875855.0,devin,booker,Devin Booker,PHX,24,67,48,19,33.9,25.6,9.3,19.2,48.4,1.9,5.5,34.0,5.1,5.9,86.7,0.5,3.7,4.2,4.3,3.1,0.8,0.2,2.7,37.1,1.0,0.0,4.9
29,CJ McCollum,34741350.0,cj,mccollum,CJ McCollum,POR,29,47,28,19,34.0,23.1,8.6,18.8,45.8,3.6,8.9,40.2,2.3,2.8,81.2,0.6,3.3,3.9,4.7,1.4,0.9,0.4,1.9,37.7,2.0,0.0,4.4
30,Andre Drummond,34028421.0,andre,drummond,Andre Drummond,LAL,27,46,19,27,27.0,14.9,6.1,12.4,49.3,0.0,0.2,0.0,2.7,4.5,60.0,3.6,8.4,12.0,2.0,2.7,1.4,1.1,3.2,37.0,28.0,0.0,-2.3
31,Bradley Beal,34028421.0,bradley,beal,Bradley Beal,WAS,28,60,32,28,35.8,31.3,11.2,23.0,48.5,2.2,6.2,34.9,6.8,7.7,88.9,1.2,3.5,4.7,4.4,3.1,1.2,0.4,2.3,45.0,4.0,0.0,-0.1
32,D'Angelo Russell,33907081.0,d'angelo,russell,D'Angelo Russell,MIN,25,42,16,26,28.5,19.0,6.7,15.5,43.1,2.9,7.4,38.7,2.7,3.5,76.5,0.4,2.3,2.6,5.8,2.7,1.1,0.4,1.6,32.7,6.0,0.0,-4.6
33,Gordon Hayward,33730441.0,gordon,hayward,Gordon Hayward,CHA,31,44,24,20,34.0,19.6,7.1,15.0,47.3,1.9,4.7,41.5,3.5,4.2,84.3,0.8,5.0,5.9,4.1,2.1,1.2,0.3,1.7,35.3,2.0,0.0,0.4
34,Otto Porter,33717705.0,otto,porter,Otto Porter Jr.,ORL,28,28,12,16,21.7,9.7,3.5,8.1,43.2,1.4,3.7,37.5,1.3,1.5,85.7,1.0,4.4,5.4,2.0,0.9,0.6,0.1,1.5,20.4,2.0,0.0,-1.5
35,DeMar DeRozan,32830932.0,demar,derozan,DeMar DeRozan,SAS,31,61,27,34,33.7,21.6,7.5,15.1,49.5,0.3,1.2,25.7,6.3,7.2,88.0,0.7,3.6,4.2,6.9,2.0,0.9,0.2,2.1,38.6,13.0,0.0,-1.7
36,Giannis Antetokounmpo,32580159.0,giannis,antetokounmpo,Giannis Antetokounmpo,MIL,26,61,40,21,33.0,28.1,10.3,18.0,56.9,1.1,3.6,30.3,6.5,9.5,68.5,1.6,9.4,11.0,5.9,3.4,1.2,1.2,2.8,53.9,41.0,7.0,6.7
37,Rudy Gobert,32576837.0,rudy,gobert,Rudy Gobert,UTA,29,71,52,19,30.8,14.3,5.5,8.2,67.5,0.0,0.1,0.0,3.3,5.3,62.3,3.4,10.1,13.5,1.3,1.7,0.6,2.7,2.3,40.5,49.0,0.0,10.3
38,Al Horford,32546916.0,al,horford,Al Horford,OKC,35,28,11,17,27.9,14.2,5.8,12.9,45.0,2.0,5.4,36.8,0.6,0.8,81.8,1.0,5.7,6.7,3.4,1.0,0.9,0.9,1.7,31.7,1.0,0.0,-3.6
39,Jamal Murray,32292459.0,jamal,murray,Jamal Murray,DEN,24,48,31,17,35.5,21.2,7.9,16.5,47.7,2.7,6.6,40.8,2.8,3.2,86.9,0.8,3.3,4.0,4.8,2.3,1.3,0.3,2.0,35.8,1.0,0.0,6.3
40,Brandon Ingram,32292459.0,brandon,ingram,Brandon Ingram,NOP,23,61,29,32,34.3,23.8,8.4,18.0,46.6,2.3,6.1,38.1,4.6,5.2,87.8,0.6,4.3,4.9,4.9,2.5,0.7,0.6,2.0,38.2,4.0,0.0,0.7
41,Jrue Holiday,31985939.0,jrue,holiday,Jrue Holiday,MIL,31,59,41,18,32.3,17.7,7.0,13.9,50.3,1.9,4.8,39.2,1.8,2.3,78.7,1.2,3.3,4.5,6.1,2.2,1.6,0.6,1.7,36.9,10.0,0.0,6.4
42,Nikola Vucevic,30771630.0,nikola,vucevic,Nikola Vucevic,CHI,30,70,26,44,33.5,23.4,9.5,19.9,47.7,2.5,6.3,40.0,1.9,2.2,84.0,2.1,9.6,11.7,3.8,1.8,0.9,0.7,2.0,46.2,48.0,2.0,-4.9
43,Jaylen Brown,29629669.0,jaylen,brown,Jaylen Brown,BOS,24,58,30,28,34.5,24.7,9.3,19.2,48.4,2.8,7.1,39.7,3.3,4.3,76.4,1.2,4.8,6.0,3.4,2.7,1.2,0.6,2.9,39.5,10.0,0.0,1.2
44,Buddy Hield,29507409.0,buddy,hield,Buddy Hield,SAC,28,71,31,40,34.3,16.6,5.7,14.0,40.6,4.0,10.2,39.1,1.2,1.5,84.6,0.4,4.3,4.7,3.6,1.8,0.9,0.4,2.5,29.7,2.0,0.0,-0.8
45,Draymond Green,26329811.0,draymond,green,Draymond Green,GSW,31,63,35,28,31.5,7.0,2.7,6.0,44.7,0.5,2.0,27.0,1.1,1.4,79.5,0.9,6.2,7.1,8.9,3.0,1.7,0.8,3.1,33.4,17.0,6.0,3.8
46,Harrison Barnes,26293066.0,harrison,barnes,Harrison Barnes,SAC,29,58,25,33,36.2,16.1,5.5,11.1,49.7,1.7,4.4,39.1,3.4,4.1,83.0,1.1,5.5,6.6,3.5,1.6,0.7,0.2,1.3,30.4,6.0,0.0,-1.0
47,Fred VanVleet,25149890.0,fred,vanvleet,Fred VanVleet,TOR,27,52,22,30,36.5,19.6,6.5,16.7,38.9,3.3,9.2,36.6,3.3,3.7,88.5,0.6,3.6,4.2,6.3,1.8,1.7,0.7,2.3,39.5,5.0,0.0,2.7
48,Victor Oladipo,24854009.0,victor,oladipo,Victor Oladipo,MIA,29,33,13,20,32.7,19.8,7.1,17.5,40.8,2.4,7.2,32.6,3.2,4.2,75.4,0.4,4.5,4.8,4.6,2.5,1.4,0.4,2.5,35.4,0.0,0.0,-2.2
49,Malcolm Brogdon,24498951.0,malcolm,brogdon,Malcolm Brogdon,IND,28,56,27,29,34.5,21.2,7.9,17.5,45.3,2.6,6.7,38.8,2.7,3.2,86.4,1.0,4.2,5.3,5.9,2.1,0.9,0.3,2.0,37.7,6.0,0.0,-0.6
50,Julius Randle,23487038.0,julius,randle,Julius Randle,NYK,26,71,40,31,37.6,24.1,8.5,18.6,45.6,2.3,5.5,41.1,4.9,6.0,81.1,1.2,9.0,10.2,6.0,3.4,0.9,0.3,3.2,45.4,41.0,6.0,2.2
51,Domantas Sabonis,23433780.0,domantas,sabonis,Domantas Sabonis,IND,25,62,29,33,36.0,20.3,7.8,14.6,53.5,0.8,2.6,32.1,3.9,5.3,73.2,2.4,9.5,12.0,6.7,3.4,1.2,0.5,3.3,46.6,48.0,9.0,-1.5
52,Gary Harris,23209755.0,gary,harris,Gary Harris,ORL,26,39,15,24,27.7,9.9,3.5,8.8,40.0,1.2,3.6,34.0,1.6,2.0,82.1,0.5,1.5,2.0,2.0,0.9,0.7,0.3,1.8,17.4,0.0,0.0,-2.1
53,Danilo Gallinari,23078722.0,danilo,gallinari,Danilo Gallinari,ATL,32,51,29,22,24.0,13.3,4.0,9.3,43.4,2.0,5.0,40.6,3.2,3.4,92.5,0.3,3.8,4.1,1.5,0.8,0.6,0.2,2.1,22.0,2.0,0.0,1.8
54,Zach LaVine,23078722.0,zach,lavine,Zach LaVine,CHI,26,58,26,32,35.1,27.4,9.8,19.4,50.7,3.4,8.2,41.9,4.4,5.1,84.9,0.6,4.4,5.0,4.9,3.5,0.8,0.5,2.4,41.0,3.0,0.0,-0.2
55,Jerami Grant,22546136.0,jerami,grant,Jerami Grant,DET,27,54,15,39,33.9,22.3,7.4,17.3,42.9,2.1,6.1,35.0,5.4,6.4,84.5,0.6,4.0,4.6,2.8,2.0,0.6,1.1,2.3,35.2,3.0,0.0,-2.2
56,Tim Hardaway Jr,22457372.0,tim,hardaway,Tim Hardaway Jr.,DAL,29,70,42,28,28.4,16.6,5.8,13.0,44.7,3.0,7.6,39.1,2.0,2.5,81.6,0.3,3.0,3.3,1.8,0.9,0.4,0.2,1.6,24.1,0.0,0.0,1.0
57,Terry Rozier,22368608.0,terry,rozier,Terry Rozier,CHA,27,69,32,37,34.5,20.4,7.4,16.4,45.0,3.2,8.3,38.9,2.4,2.9,81.7,0.7,3.7,4.4,4.2,1.9,1.3,0.4,1.7,35.1,5.0,0.0,-1.3
58,Aaron Gordon,21464826.0,aaron,gordon,Aaron Gordon,DEN,25,50,29,21,27.7,12.4,4.6,10.0,46.3,1.2,3.5,33.5,1.9,3.0,65.1,1.5,4.1,5.7,3.2,1.9,0.7,0.7,1.8,26.1,3.0,1.0,1.2
59,Clint Capela,21303436.0,clint,capela,Clint Capela,ATL,27,63,34,29,30.1,15.2,6.6,11.0,59.4,0.0,0.0,0.0,2.1,3.6,57.3,4.7,9.6,14.3,0.8,1.2,0.7,2.0,2.3,40.6,48.0,1.0,4.0
60,Bogdan Bogdanovic,21303436.0,bogdan,bogdanovic,Bogdan Bogdanovic,ATL,28,44,30,14,29.7,16.4,6.1,12.8,47.3,3.3,7.6,43.8,0.9,1.0,90.9,0.5,3.2,3.6,3.3,1.2,1.1,0.3,2.3,28.7,0.0,0.0,2.5
61,Myles Turner,21303436.0,myles,turner,Myles Turner,IND,25,47,22,25,31.0,12.6,4.4,9.2,47.7,1.5,4.4,33.5,2.4,3.0,78.2,1.3,5.2,6.5,1.0,1.4,0.9,3.4,3.5,33.2,7.0,0.0,0.5
62,Goran Dragic,21303436.0,goran,dragic,Goran Dragic,MIA,35,50,30,20,26.7,13.4,4.8,11.1,43.2,1.8,4.9,37.3,2.0,2.4,82.8,0.5,2.9,3.4,4.4,2.4,0.7,0.2,2.3,24.2,1.0,0.0,0.8
63,Bojan Bogdanovic,21125907.0,bojan,bogdanovic,Bojan Bogdanovic,UTA,32,72,52,20,30.8,17.0,5.6,12.8,43.9,2.5,6.4,39.0,3.2,3.7,87.9,0.6,3.3,3.9,1.9,1.8,0.6,0.1,1.6,24.8,0.0,0.0,5.8
64,LaMarcus Aldridge,20863567.0,lamarcus,aldridge,LaMarcus Aldridge,BKN,35,26,15,11,25.9,13.5,5.4,11.4,47.3,1.2,3.1,38.8,1.6,1.8,87.2,0.7,3.8,4.5,1.9,1.0,0.4,1.1,1.8,25.4,1.0,0.0,-1.3
65,Gorgui Dieng,20815454.0,gorgui,dieng,Gorgui Dieng,SAS,31,38,14,24,14.5,6.8,2.2,4.3,52.1,0.8,1.8,42.9,1.5,1.8,86.6,1.1,2.6,3.7,1.3,0.8,0.7,0.4,1.5,15.6,0.0,0.0,-1.8
66,Evan Fournier,20297440.0,evan,fournier,Evan Fournier,BOS,28,42,18,24,30.0,17.1,5.9,12.9,45.7,2.8,6.7,41.3,2.6,3.3,78.8,0.2,2.8,3.0,3.4,1.7,1.1,0.5,2.3,28.9,0.0,0.0,-0.8
67,Ricky Rubio,20119912.0,ricky,rubio,Ricky Rubio,MIN,30,68,23,45,26.1,8.6,2.8,7.3,38.8,1.0,3.1,30.8,1.9,2.2,86.7,0.4,2.9,3.3,6.4,1.6,1.4,0.1,2.0,24.9,4.0,0.0,-2.7
68,Eric Bledsoe,19971971.0,eric,bledsoe,Eric Bledsoe,NOP,31,71,31,40,29.7,12.2,4.3,10.3,42.1,1.7,5.0,34.1,1.9,2.7,68.7,0.4,3.0,3.4,3.8,1.6,0.8,0.3,1.6,23.8,4.0,0.0,-0.9
69,Eric Gordon,19965186.0,eric,gordon,Eric Gordon,HOU,32,27,10,17,29.2,17.8,5.9,13.6,43.3,2.6,7.8,32.9,3.5,4.2,82.5,0.3,1.9,2.1,2.6,1.9,0.5,0.5,1.6,25.4,0.0,0.0,-2.5
70,Caris LeVert,19177476.0,caris,levert,Caris LeVert,IND,26,47,24,23,31.6,20.2,7.6,17.3,44.1,1.8,5.5,32.6,3.1,3.8,81.1,0.7,3.9,4.6,5.2,2.2,1.4,0.6,2.2,37.4,6.0,0.0,-0.1
71,Joe Harris,19020925.0,joe,harris,Joe Harris,BKN,29,69,45,24,31.0,14.1,5.2,10.2,50.5,3.1,6.4,47.5,0.7,0.9,77.8,0.6,3.0,3.6,1.9,0.9,0.7,0.2,2.0,23.0,0.0,0.0,5.1
72,James Johnson,18992131.0,james,johnson,James Johnson,NOP,34,51,21,30,20.5,7.2,2.9,6.4,44.6,0.6,2.4,25.8,0.9,1.5,59.2,0.6,2.8,3.5,1.9,1.1,0.8,0.8,2.4,18.1,0.0,0.0,-2.5
73,Cody Zeller,18244890.0,cody,zeller,Cody Zeller,CHA,28,48,21,27,20.9,9.4,3.8,6.8,55.9,0.1,0.6,14.3,1.8,2.5,71.4,2.5,4.4,6.8,1.8,1.1,0.6,0.4,2.5,22.0,8.0,0.0,0.9
74,Danny Green,18185859.0,danny,green,Danny Green,PHI,34,69,46,23,28.0,9.5,3.2,7.9,41.2,2.5,6.3,40.5,0.4,0.6,77.5,0.8,3.0,3.8,1.7,1.0,1.3,0.8,1.8,22.0,1.0,0.0,4.5
75,Jonas Valanciunas,17752863.0,jonas,valanciunas,Jonas Valanciunas,MEM,29,62,32,30,28.3,17.1,7.1,12.0,59.2,0.3,0.9,36.8,2.5,3.3,77.3,4.1,8.4,12.5,1.8,1.6,0.6,0.9,2.9,37.6,49.0,0.0,2.2
76,Andre Iguodala,17752863.0,andre,iguodala,Andre Iguodala,MIA,37,63,37,26,21.3,4.4,1.5,3.9,38.3,1.0,2.9,33.0,0.4,0.6,65.8,0.6,2.9,3.5,2.3,1.1,0.9,0.6,1.4,15.3,0.0,0.0,-1.3
77,Davis Bertans,17752863.0,davis,bertans,Davis Bertans,WAS,28,57,29,28,25.7,11.5,3.4,8.4,40.4,3.0,7.5,39.5,1.8,2.0,87.0,0.3,2.6,2.9,0.9,0.6,0.6,0.2,2.4,18.2,0.0,0.0,1.9
78,Marcus Morris,17615244.0,marcus,morris,Marcus Morris Sr.,LAC,31,57,38,19,26.3,13.4,4.8,10.2,47.3,2.5,5.2,47.3,1.3,1.6,82.0,0.6,3.5,4.1,1.0,1.0,0.6,0.3,2.1,21.5,0.0,0.0,2.3
79,Rudy Gay,17161101.0,rudy,gay,Rudy Gay,SAS,34,63,29,34,21.6,11.4,4.2,10.0,42.0,1.7,4.4,38.1,1.3,1.6,80.4,0.7,4.1,4.8,1.4,1.0,0.7,0.6,1.8,22.2,1.0,0.0,2.1
80,Kelly Oubre,17013161.0,kelly,oubre,Kelly Oubre Jr.,GSW,25,55,27,28,30.7,15.4,5.8,13.2,43.9,1.6,5.2,31.6,2.2,3.2,69.5,1.5,4.5,6.0,1.3,1.3,1.0,0.8,2.2,28.7,6.0,0.0,-3.5
81,Dejounte Murray,16907827.0,dejounte,murray,Dejounte Murray,SAS,24,67,32,35,31.9,15.7,6.6,14.5,45.3,0.9,3.0,31.7,1.6,2.0,79.1,0.9,6.2,7.1,5.4,1.7,1.5,0.1,2.0,35.4,13.0,4.0,1.3
82,Will Barton,16241756.0,will,barton,Will Barton,DEN,30,56,37,19,31.0,12.7,4.6,10.9,42.6,1.8,4.6,38.1,1.7,2.2,78.5,0.7,3.3,4.0,3.2,1.7,0.9,0.4,1.7,24.6,0.0,0.0,4.1
83,Thaddeus Young,16030835.0,thaddeus,young,Thaddeus Young,CHI,33,68,30,38,24.3,12.1,5.4,9.7,55.9,0.2,0.7,26.7,1.0,1.7,62.8,2.5,3.8,6.2,4.3,2.0,1.1,0.6,2.2,29.0,7.0,0.0,2.1
84,Terrence Ross,15977577.0,terrence,ross,Terrence Ross,ORL,30,46,16,30,29.3,15.6,5.5,13.4,41.2,1.9,5.7,33.7,2.6,3.0,87.0,0.3,3.1,3.4,2.3,1.6,1.0,0.5,1.9,26.1,0.0,0.0,-5.1
85,Malik Beasley,15889872.0,malik,beasley,Malik Beasley,MIN,24,37,8,29,32.8,19.6,7.1,16.2,44.0,3.5,8.7,39.9,1.8,2.2,85.0,0.8,3.6,4.4,2.4,1.6,0.8,0.2,1.7,29.8,0.0,0.0,-5.3
86,Patrick Beverley,15780322.0,patrick,beverley,Patrick Beverley,LAC,32,37,25,12,22.5,7.5,2.5,5.9,42.3,1.5,3.8,39.7,1.0,1.2,80.0,0.8,2.4,3.2,2.1,0.9,0.8,0.8,2.9,18.2,0.0,0.0,4.0
87,Christian Wood,15404602.0,christian,wood,Christian Wood,HOU,25,41,12,29,32.3,21.0,8.0,15.6,51.4,1.9,5.0,37.4,3.0,4.8,63.1,1.9,7.8,9.6,1.7,2.0,0.8,1.2,2.1,39.2,19.0,0.0,-2.4
88,JJ Redick,15402029.0,jj,redick,JJ Redick,DAL,37,44,22,22,16.4,7.4,2.4,6.1,39.7,1.5,4.0,37.1,1.1,1.2,94.2,0.1,1.4,1.5,1.2,0.8,0.3,0.1,1.1,11.1,0.0,0.0,0.0
89,Justise Winslow,15385815.0,justise,winslow,Justise Winslow,MEM,25,26,13,13,19.5,6.8,2.8,8.1,35.2,0.4,2.1,18.5,0.8,1.3,57.1,0.7,3.8,4.5,1.9,1.4,0.6,0.5,1.8,16.9,1.0,0.0,-3.0
90,Marcus Smart,15322411.0,marcus,smart,Marcus Smart,BOS,27,48,24,24,32.9,13.1,4.2,10.6,39.8,1.9,5.9,33.0,2.7,3.4,79.0,0.8,2.7,3.5,5.7,2.0,1.5,0.5,2.6,29.7,3.0,0.0,1.9
91,Jusuf Nurkic,15254312.0,jusuf,nurkic,Jusuf Nurkic,POR,26,37,22,15,23.8,11.5,4.6,9.0,51.4,0.3,0.8,40.0,1.9,3.1,61.9,2.3,6.6,9.0,3.4,2.0,1.0,1.1,2.8,31.6,13.0,0.0,3.4
92,Kelly Olynyk,15172366.0,kelly,olynyk,Kelly Olynyk,HOU,30,70,26,44,28.5,13.5,4.8,10.0,48.4,1.8,5.3,34.2,2.1,2.5,82.9,1.2,5.7,7.0,2.9,1.8,1.1,0.6,3.0,29.6,12.0,0.0,-1.4
93,Trevor Ariza,15149110.0,trevor,ariza,Trevor Ariza,MIA,36,30,17,13,28.0,9.4,3.3,8.0,41.1,1.7,4.8,35.0,1.1,1.5,77.3,0.9,3.9,4.8,1.8,0.7,1.0,0.6,1.8,22.1,1.0,0.0,1.3
94,Brook Lopez,15028006.0,brook,lopez,Brook Lopez,MIL,33,70,46,24,27.2,12.3,4.6,9.1,50.3,1.4,4.0,33.8,1.7,2.0,84.5,1.5,3.5,5.0,0.7,0.9,0.6,1.5,2.1,24.5,3.0,0.0,4.5
95,Cory Joseph,14912405.0,cory,joseph,Cory Joseph,DET,29,63,25,38,23.0,8.2,3.2,6.8,46.9,0.7,2.1,34.1,1.1,1.4,81.8,0.6,2.0,2.5,3.4,1.3,1.0,0.3,2.2,18.8,2.0,0.0,-3.1
96,Markelle Fultz,14543970.0,markelle,fultz,Markelle Fultz,ORL,23,8,6,2,26.9,12.9,5.1,13.0,39.4,0.5,2.0,25.0,2.1,2.4,89.5,0.6,2.5,3.1,5.4,2.3,1.0,0.3,2.3,26.2,1.0,0.0,-3.6
97,Taurean Prince,14498172.0,taurean,prince,Taurean Prince,CLE,27,41,15,26,22.1,9.5,3.2,8.0,40.1,1.5,3.8,40.0,1.6,1.9,85.5,0.5,3.0,3.5,1.9,1.1,0.7,0.6,1.8,19.0,0.0,0.0,-3.1
98,Tony Snell,14413634.0,tony,snell,Tony Snell,ATL,29,47,29,18,21.1,5.3,1.9,3.6,51.5,1.3,2.3,56.9,0.2,0.2,100.0,0.4,2.0,2.4,1.3,0.4,0.3,0.2,1.6,11.1,0.0,0.0,1.4
99,Robert Covington,14366025.0,robert,covington,Robert Covington,POR,30,70,42,28,32.0,8.5,2.9,7.3,40.1,1.9,5.1,37.9,0.7,0.9,80.6,0.9,5.8,6.7,1.7,0.9,1.4,1.2,2.8,26.0,6.0,0.0,2.9
100,Kentavious Caldwell-Pope,14288711.0,kentavious,caldwell-pope,Kentavious Caldwell-Pope,LAL,28,67,39,28,28.4,9.7,3.3,7.6,43.1,1.8,4.4,41.0,1.4,1.7,86.6,0.4,2.3,2.7,1.9,1.0,0.9,0.4,1.7,18.8,1.0,0.0,2.1
101,Larry Nance Jr,13857993.0,larry,nance,Larry Nance Jr.,CLE,28,35,13,22,31.2,9.3,3.7,7.8,47.1,1.2,3.3,36.0,0.9,1.4,61.2,1.5,5.2,6.7,3.1,1.6,1.7,0.5,2.1,27.1,5.0,0.0,-3.9
102,Nicolas Batum,13738622.0,nicolas,batum,Nicolas Batum,LAC,32,67,44,23,27.4,8.1,2.9,6.1,46.4,1.6,4.1,40.4,0.7,0.9,82.8,0.7,4.0,4.7,2.2,0.8,1.0,0.6,1.5,21.0,1.0,0.0,5.1
103,Jordan Clarkson,13610528.0,jordan,clarkson,Jordan Clarkson,UTA,29,68,49,19,26.7,18.4,6.7,15.8,42.5,3.1,8.8,34.7,1.9,2.1,89.6,0.7,3.3,4.0,2.5,1.7,0.9,0.1,1.6,28.4,0.0,0.0,4.4
104,Spencer Dinwiddie,13556143.0,spencer,dinwiddie,Spencer Dinwiddie,BKN,28,3,2,1,21.4,6.7,2.0,5.3,37.5,0.7,2.3,28.6,2.0,2.0,100.0,0.0,4.3,4.3,3.0,1.7,0.7,0.3,1.3,17.7,0.0,0.0,14.0
105,Dillon Brooks,13492176.0,dillon,brooks,Dillon Brooks,MEM,25,67,36,31,29.8,17.2,6.4,15.4,41.9,1.9,5.6,34.4,2.4,2.9,81.5,0.8,2.1,2.9,2.3,1.8,1.2,0.4,3.5,27.1,0.0,0.0,2.3
106,Dwight Powell,13113596.0,dwight,powell,Dwight Powell,DAL,29,58,36,22,16.6,5.9,2.1,3.3,61.9,0.1,0.4,23.8,1.7,2.1,78.2,1.4,2.7,4.0,1.1,0.7,0.6,0.5,2.3,15.1,1.0,0.0,1.3
107,Lonzo Ball,13023242.0,lonzo,ball,Lonzo Ball,NOP,23,55,23,32,31.8,14.6,5.3,12.7,41.4,3.1,8.3,37.8,0.9,1.2,78.1,0.6,4.2,4.8,5.7,2.2,1.5,0.6,1.9,32.9,5.0,1.0,0.9
108,Josh Richardson,12860117.0,josh,richardson,Josh Richardson,DAL,27,59,35,24,30.3,12.1,4.5,10.5,42.7,1.5,4.5,33.0,1.7,1.8,91.7,0.9,2.4,3.3,2.6,1.3,1.0,0.4,2.2,23.0,0.0,0.0,-0.8
109,Norman Powell,12860117.0,norman,powell,Norman Powell,POR,28,69,32,37,32.0,18.6,6.3,13.3,47.7,2.5,6.0,41.1,3.4,3.9,87.1,0.6,2.5,3.1,1.9,1.7,1.2,0.3,2.3,27.8,0.0,0.0,1.1
110,Jeremy Lamb,12427004.0,jeremy,lamb,Jeremy Lamb,IND,29,36,16,20,21.3,10.1,3.3,7.7,43.5,1.4,3.6,40.6,2.0,2.1,94.7,0.7,2.9,3.6,1.5,0.6,0.9,0.6,2.0,20.8,0.0,0.0,-0.4
111,DeAndre Jordan,12279866.0,deandre,jordan,DeAndre Jordan,BKN,32,57,37,20,21.9,7.5,3.3,4.4,76.3,0.0,0.0,0.0,0.8,1.6,50.0,2.1,5.4,7.5,1.6,1.5,0.3,1.1,2.0,21.7,6.0,0.0,-0.7
112,Joe Ingles,12265615.0,joe,ingles,Joe Ingles,UTA,33,67,47,20,27.9,12.1,4.1,8.4,48.9,2.7,6.1,45.1,1.1,1.3,84.4,0.4,3.2,3.6,4.7,1.7,0.7,0.2,1.8,24.4,2.0,0.0,6.8
113,Zion Williamson,12125773.0,zion,williamson,Zion Williamson,NOP,20,61,29,32,33.2,27.0,10.4,17.0,61.1,0.2,0.6,29.4,6.0,8.7,69.8,2.7,4.5,7.2,3.7,2.7,0.9,0.6,2.2,43.2,14.0,0.0,1.5
114,Paul Millsap,11953594.0,paul,millsap,Paul Millsap,DEN,36,56,38,18,20.8,9.0,3.4,7.2,47.6,0.9,2.6,34.3,1.3,1.8,72.4,1.4,3.3,4.7,1.8,0.9,0.9,0.6,2.0,21.0,2.0,0.0,1.8
115,Rodney Hood,11891400.0,rodney,hood,Rodney Hood,TOR,28,55,29,26,17.1,4.5,1.7,4.7,36.2,0.6,2.1,30.1,0.4,0.5,85.7,0.4,1.5,1.9,1.0,0.7,0.4,0.1,1.3,9.2,0.0,0.0,-2.4
116,Deandre Ayton,11856782.0,deandre,ayton,Deandre Ayton,PHX,22,69,48,21,30.6,14.4,6.2,10.0,62.6,0.1,0.3,20.0,1.9,2.5,76.9,3.3,7.2,10.5,1.4,1.5,0.6,1.2,2.8,33.1,33.0,0.0,4.0
117,Tomas Satoransky,11835242.0,tomas,satoransky,Tomas Satoransky,CHI,29,58,25,33,22.5,7.7,2.9,5.7,51.4,0.7,2.0,35.6,1.2,1.4,84.8,0.5,1.9,2.4,4.7,1.7,0.7,0.2,1.5,18.8,1.0,0.0,0.0
118,Jayson Tatum,11713481.0,jayson,tatum,Jayson Tatum,BOS,23,64,34,30,35.8,26.4,9.5,20.6,45.9,2.9,7.6,38.6,4.6,5.3,86.8,0.8,6.6,7.4,4.3,2.7,1.2,0.5,1.9,44.1,15.0,1.0,2.5
119,Anthony Edwards,11548166.0,anthony,edwards,Anthony Edwards,MIN,19,72,23,49,32.1,19.3,7.0,16.8,41.7,2.4,7.2,32.9,2.9,3.8,77.6,0.8,3.8,4.7,2.9,2.2,1.1,0.5,1.8,32.0,3.0,0.0,-3.2
120,Al-Farouq Aminu,11504920.0,al-farouq,aminu,Al-Farouq Aminu,CHI,30,23,5,18,18.9,4.4,1.7,4.3,38.4,0.3,1.6,21.6,0.8,1.0,81.8,1.0,3.8,4.8,1.3,1.2,0.8,0.4,1.3,14.6,1.0,0.0,-2.3
121,Dante Exum,11361832.0,dante,exum,Dante Exum,HOU,25,6,3,3,19.4,3.8,1.7,4.3,38.5,0.3,1.8,18.2,0.2,0.3,50.0,0.3,2.5,2.8,2.2,1.2,0.7,0.3,1.5,12.3,0.0,0.0,1.0
122,George Hill,11350709.0,george,hill,George Hill,PHI,35,30,16,14,22.4,8.7,3.2,6.6,48.2,1.0,2.7,38.8,1.3,1.7,80.0,0.5,1.5,2.0,2.4,1.0,0.8,0.2,1.0,16.6,0.0,0.0,-0.3
123,De'Anthony Melton,11328353.0,de'anthony,melton,De'Anthony Melton,MEM,23,52,27,25,20.1,9.1,3.3,7.6,43.8,1.7,4.1,41.2,0.8,1.0,80.4,0.6,2.5,3.1,2.5,1.3,1.2,0.6,1.6,20.6,1.0,0.0,2.3
124,Kyle Anderson,11249516.0,kyle,anderson,Kyle Anderson,MEM,27,69,36,33,27.4,12.4,4.5,9.5,46.8,1.4,3.8,36.0,2.1,2.7,78.3,0.8,5.0,5.7,3.6,1.2,1.2,0.8,1.7,29.6,3.0,0.0,0.7
125,Meyers Leonard,11125127.0,meyers,leonard,Meyers Leonard,MIA,29,3,2,1,9.8,3.3,1.0,2.3,42.9,1.0,2.3,42.9,0.3,0.7,50.0,0.0,2.3,2.3,0.7,0.7,0.0,0.0,1.7,6.5,0.0,0.0,-1.3
126,Tristan Thompson,10957067.0,tristan,thompson,Tristan Thompson,BOS,30,54,27,27,23.8,7.6,3.1,6.0,51.8,0.0,0.1,0.0,1.3,2.2,59.2,3.1,5.0,8.1,1.2,1.1,0.4,0.6,2.2,21.2,5.0,0.0,0.4
127,Serge Ibaka,10957067.0,serge,ibaka,Serge Ibaka,LAC,31,41,24,17,23.3,11.1,4.5,8.9,51.0,1.0,2.8,33.9,1.0,1.3,81.1,1.8,4.9,6.7,1.8,1.1,0.2,1.1,1.9,24.9,5.0,0.0,3.8
128,Montrezl Harrell,10957067.0,montrezl,harrell,Montrezl Harrell,LAL,27,69,41,28,22.9,13.5,5.4,8.7,62.2,0.0,0.1,0.0,2.6,3.7,70.7,2.3,3.9,6.2,1.1,1.1,0.7,0.7,1.9,25.6,8.0,0.0,0.6
129,Jae Crowder,10957067.0,jae,crowder,Jae Crowder,PHX,30,60,42,18,27.5,10.1,3.3,8.2,40.4,2.5,6.3,38.9,1.0,1.3,76.0,0.5,4.2,4.7,2.1,0.9,0.8,0.5,2.1,21.7,0.0,0.0,3.6
130,Derrick Jones,10957067.0,derrick,jones,Derrick Jones Jr.,POR,24,58,32,26,22.7,6.8,2.5,5.2,48.4,0.7,2.3,31.6,1.0,1.6,64.8,1.3,2.2,3.5,0.8,0.6,0.6,0.9,2.2,16.4,0.0,0.0,-1.1
131,Derrick Favors,10957067.0,derrick,favors,Derrick Favors,UTA,29,68,49,19,15.3,5.4,2.3,3.6,63.8,0.0,0.0,0.0,0.9,1.2,73.8,2.0,3.5,5.5,0.6,0.5,0.5,1.0,2.1,16.9,1.0,0.0,0.5
132,Dario Saric,10947599.0,dario,saric,Dario Saric,PHX,27,50,37,13,17.4,8.7,3.1,6.8,44.7,0.9,2.7,34.8,1.7,2.0,84.8,0.9,2.9,3.8,1.3,1.1,0.6,0.1,1.9,16.2,0.0,0.0,4.4
133,Ja Morant,10849130.0,ja,morant,Ja Morant,MEM,21,63,33,30,32.6,19.1,6.8,15.2,44.9,1.2,3.8,30.3,4.3,5.9,72.8,0.9,3.1,4.0,7.4,3.2,0.9,0.2,1.4,35.1,14.0,1.0,1.7
134,Delon Wright,10651718.0,delon,wright,Delon Wright,SAC,29,63,21,42,27.7,10.2,3.8,8.2,46.3,1.0,2.7,37.2,1.6,2.0,80.2,1.0,3.2,4.3,4.4,1.3,1.6,0.5,1.2,26.9,3.0,0.0,-1.7
135,Marvin Bagley,10608685.0,marvin,bagley,Marvin Bagley III,SAC,22,43,20,23,25.9,14.1,5.7,11.4,50.4,0.9,2.5,34.3,1.8,3.1,57.5,2.5,4.9,7.4,1.0,1.4,0.5,0.5,2.3,26.1,11.0,0.0,-2.0
136,Cedi Osman,10463040.0,cedi,osman,Cedi Osman,CLE,26,59,17,42,25.6,10.4,3.7,9.9,37.4,1.7,5.5,30.6,1.3,1.6,80.0,0.6,2.8,3.4,2.9,1.4,0.9,0.2,2.0,20.7,2.0,0.0,-5.5
137,Tyus Jones,10435302.0,tyus,jones,Tyus Jones,MEM,25,70,36,34,17.5,6.3,2.5,5.9,43.1,0.6,2.0,32.1,0.6,0.6,91.1,0.3,1.7,2.0,3.7,0.7,0.9,0.1,0.4,16.6,2.0,0.0,-1.2
138,James Wiseman,10332450.0,james,wiseman,James Wiseman,GSW,20,39,18,21,21.4,11.5,4.9,9.4,51.9,0.3,1.0,31.6,1.4,2.2,62.8,1.4,4.4,5.8,0.7,1.5,0.3,0.9,3.1,21.5,3.0,0.0,-4.7
139,Royce O'Neale,10059956.0,royce,o'neale,Royce O'Neale,UTA,28,71,51,20,31.6,7.0,2.5,5.5,44.4,1.5,3.9,38.5,0.5,0.6,84.8,1.2,5.6,6.8,2.5,1.2,0.8,0.5,2.6,21.6,3.0,0.0,6.6
140,Maxi Kleber,10030367.0,maxi,kleber,Maxi Kleber,DAL,29,50,31,19,26.8,7.1,2.3,5.5,42.2,1.7,4.2,41.0,0.7,0.7,91.9,0.9,4.3,5.2,1.4,0.6,0.5,0.7,2.1,18.3,0.0,0.0,2.7
141,Thomas Bryant,9862701.0,thomas,bryant,Thomas Bryant,WAS,23,10,2,8,27.1,14.3,5.9,9.1,64.8,0.9,2.1,42.9,1.6,2.4,66.7,1.8,4.3,6.1,1.5,1.1,0.4,0.8,3.1,26.4,1.0,0.0,-1.4
142,RJ Barrett,9742487.0,rj,barrett,RJ Barrett,NYK,21,72,41,31,34.9,17.6,6.5,14.7,44.1,1.7,4.3,40.1,2.9,3.8,74.6,0.9,4.8,5.8,3.0,1.9,0.7,0.3,2.6,30.1,5.0,0.0,1.9
143,Jakob Poeltl,9588738.0,jakob,poeltl,Jakob Poeltl,SAS,25,69,32,37,26.7,8.6,3.8,6.2,61.6,0.0,0.0,0.0,0.9,1.8,50.8,3.2,4.8,7.9,1.9,1.2,0.7,1.8,2.5,27.2,15.0,0.0,1.6
144,De'Aaron Fox,9586104.0,de'aaron,fox,De'Aaron Fox,SAC,23,58,24,34,35.1,25.2,9.1,19.1,47.7,1.8,5.5,32.2,5.2,7.2,71.9,0.6,2.9,3.5,7.2,3.0,1.5,0.5,2.9,43.1,11.0,0.0,-3.4
145,Luka Doncic,9526612.0,luka,doncic,Luka Doncic,DAL,22,66,40,26,34.3,27.7,9.8,20.5,47.9,2.9,8.3,35.0,5.2,7.1,73.0,0.8,7.2,8.0,8.6,4.3,1.0,0.5,2.3,50.5,26.0,11.0,2.5
146,Mason Plumlee,9468193.0,mason,plumlee,Mason Plumlee,DET,31,56,14,42,26.8,10.4,4.2,6.8,61.4,0.0,0.1,0.0,2.0,3.0,66.9,2.6,6.7,9.3,3.6,1.9,0.8,0.9,3.3,30.0,16.0,2.0,-2.7
147,LaMelo Ball,9278782.0,lamelo,ball,LaMelo Ball,CHA,19,51,23,28,28.8,15.7,5.7,13.2,43.6,1.8,5.1,35.2,2.5,3.2,75.8,1.2,4.7,5.9,6.1,2.8,1.6,0.4,2.7,35.0,7.0,1.0,-1.6
148,Seth Curry,9272260.0,seth,curry,Seth Curry,PHI,30,57,39,18,28.7,12.5,4.5,9.7,46.7,2.2,4.9,45.0,1.2,1.4,89.6,0.2,2.2,2.4,2.7,1.1,0.8,0.1,1.7,21.0,0.0,0.0,5.6
149,Derrick Rose,9092929.0,derrick,rose,Derrick Rose,NYK,32,50,28,22,25.6,14.7,5.7,12.2,47.0,1.0,2.6,38.8,2.2,2.5,86.6,0.4,2.2,2.6,4.2,1.6,1.0,0.4,1.1,26.6,1.0,0.0,2.7
150,Cristiano Felicio,8910777.0,cristiano,felicio,Cristiano Felicio,CHI,28,18,6,12,4.6,1.3,0.4,0.7,53.8,0.0,0.1,0.0,0.5,0.9,56.3,0.6,0.9,1.4,0.5,0.2,0.2,0.0,0.6,4.2,0.0,0.0,1.2
151,Rajon Rondo,8876431.0,rajon,rondo,Rajon Rondo,LAC,35,45,28,17,17.1,5.4,2.1,4.8,44.2,0.8,2.0,40.4,0.4,0.4,94.1,0.4,2.0,2.4,4.4,1.8,0.8,0.1,1.2,15.9,0.0,0.0,0.5
152,De'Andre Hunter,8784116.0,de'andre,hunter,De'Andre Hunter,ATL,23,23,12,11,29.5,15.0,5.2,10.8,48.4,1.3,4.1,32.6,3.2,3.7,85.9,0.7,4.0,4.8,1.9,1.3,0.8,0.5,2.6,26.3,1.0,0.0,3.7
153,Doug McDermott,8679177.0,doug,mcdermott,Doug McDermott,IND,29,66,32,34,24.5,13.6,5.4,10.1,53.2,1.7,4.3,38.8,1.2,1.5,81.6,0.9,2.4,3.3,1.3,0.8,0.3,0.1,1.8,20.0,0.0,0.0,-0.7
154,Robin Lopez,8639726.0,robin,lopez,Robin Lopez,WAS,33,71,34,37,19.1,9.0,3.8,6.0,63.3,0.1,0.3,27.8,1.4,1.9,72.3,2.0,1.8,3.8,0.8,1.1,0.2,0.6,1.5,16.2,3.0,0.0,-0.2
155,Jaren Jackson Jr,8589261.0,jaren,jackson,Jaren Jackson Jr.,MEM,21,11,4,7,23.5,14.4,4.8,11.4,42.4,1.5,5.5,28.3,3.2,3.8,83.3,1.5,4.1,5.6,1.1,1.4,1.1,1.6,3.8,29.6,0.0,0.0,-5.8
156,JaMychal Green,8521090.0,jamychal,green,JaMychal Green,DEN,31,58,38,20,19.3,8.1,3.0,6.4,46.3,1.4,3.4,39.9,0.8,1.0,80.7,1.5,3.3,4.8,0.9,0.9,0.4,0.4,2.5,16.8,1.0,0.0,1.7
157,Nemanja Bjelica,8462198.0,nemanja,bjelica,Nemanja Bjelica,MIA,33,37,16,21,16.1,6.5,2.4,5.3,45.4,0.7,2.3,31.8,1.0,1.4,72.5,0.8,2.6,3.4,1.9,0.9,0.4,0.1,1.8,14.2,0.0,0.0,-1.8
158,Patrick Williams,8365575.0,patrick,williams,Patrick Williams,CHI,19,71,30,41,27.9,9.2,3.6,7.4,48.3,0.8,1.9,39.1,1.3,1.8,72.8,0.9,3.7,4.6,1.4,1.4,0.9,0.6,1.8,20.1,3.0,0.0,-4.1
159,Ivica Zubac,8284669.0,ivica,zubac,Ivica Zubac,LAC,24,72,47,25,22.3,9.0,3.6,5.5,65.2,0.0,0.1,25.0,1.9,2.4,78.9,2.6,4.6,7.2,1.3,1.1,0.3,0.9,2.6,22.0,13.0,0.0,2.5
160,Darius Miller,8284669.0,darius,miller,Darius Miller,OKC,31,18,5,13,10.9,4.1,1.2,2.7,45.8,0.9,2.3,40.5,0.7,0.7,100.0,0.1,1.2,1.3,1.2,0.4,0.7,0.3,0.7,10.0,0.0,0.0,2.1
161,Aron Baynes,8284669.0,aron,baynes,Aron Baynes,TOR,34,53,20,33,18.5,6.1,2.5,5.7,44.1,0.5,1.9,26.2,0.5,0.8,70.7,1.6,3.5,5.2,0.9,0.9,0.3,0.4,2.2,15.0,2.0,0.0,-1.5
162,Jabari Parker,8202685.0,jabari,parker,Jabari Parker,BOS,26,13,4,9,12.7,5.5,2.3,4.2,54.5,0.2,0.8,18.2,0.8,1.0,76.9,0.8,2.5,3.2,0.8,0.8,0.1,0.4,1.0,11.3,0.0,0.0,-1.1
163,Lauri Markkanen,7966902.0,lauri,markkanen,Lauri Markkanen,CHI,24,51,20,31,25.8,13.6,4.9,10.2,48.0,2.3,5.8,40.2,1.5,1.8,82.6,0.7,4.6,5.3,0.9,1.0,0.5,0.3,1.5,22.6,2.0,0.0,-0.9
164,Darius Garland,7954135.0,darius,garland,Darius Garland,CLE,21,54,18,36,33.1,17.4,6.7,14.9,45.1,1.9,4.9,39.5,2.1,2.4,84.8,0.4,2.0,2.4,6.1,3.0,1.2,0.1,2.0,30.4,6.0,0.0,-4.4
165,Trae Young,7777884.0,trae,young,Trae Young,ATL,22,63,36,27,33.7,25.3,7.7,17.7,43.8,2.2,6.3,34.3,7.7,8.7,88.6,0.6,3.3,3.9,9.4,4.1,0.8,0.2,1.8,43.1,28.0,0.0,4.2
166,Chris Boucher,7692907.0,chris,boucher,Chris Boucher,TOR,28,60,25,35,24.2,13.6,4.8,9.3,51.4,1.5,3.9,38.3,2.5,3.2,78.8,2.0,4.8,6.7,1.1,0.8,0.6,1.9,2.8,29.8,12.0,0.0,1.6
167,Isaac Okoro,7575644.0,isaac,okoro,Isaac Okoro,CLE,20,67,20,47,32.4,9.6,3.5,8.3,42.0,0.9,3.2,29.0,1.7,2.3,72.6,1.0,2.1,3.1,1.9,1.3,0.9,0.4,2.8,18.8,1.0,0.0,-6.1
168,Frank Ntilikina,7310129.0,frank,ntilikina,Frank Ntilikina,NYK,22,33,23,10,9.8,2.7,0.9,2.4,36.7,0.7,1.5,47.9,0.2,0.5,44.4,0.2,0.8,0.9,0.6,0.3,0.5,0.1,1.4,6.4,0.0,0.0,-1.0
169,Jarrett Culver,7224563.0,jarrett,culver,Jarrett Culver,MIN,22,34,7,27,14.7,5.3,2.0,4.9,41.1,0.4,1.6,24.5,0.9,1.4,60.4,1.0,2.1,3.1,0.7,0.8,0.5,0.3,1.7,11.5,1.0,0.0,-3.9
170,Alec Burks,7101145.0,alec,burks,Alec Burks,NYK,29,49,27,22,25.6,12.7,4.3,10.2,42.0,2.1,5.0,41.5,2.1,2.4,85.6,0.4,4.2,4.6,2.2,1.0,0.6,0.3,2.1,23.3,3.0,0.0,2.6
171,Mo Bamba,7064503.0,mo,bamba,Mo Bamba,ORL,23,46,11,35,15.8,8.0,3.1,6.5,47.2,0.8,2.6,32.2,1.0,1.4,68.2,1.7,4.1,5.8,0.8,0.8,0.3,1.3,1.9,19.9,4.0,0.0,-4.4
172,Onyeka Okongwu,6880583.0,onyeka,okongwu,Onyeka Okongwu,ATL,20,50,31,19,12.0,4.6,1.9,3.0,64.4,0.0,0.1,0.0,0.7,1.1,63.2,1.2,2.0,3.3,0.4,0.6,0.5,0.7,2.0,11.8,2.0,0.0,-1.8
173,Justin Holiday,6770232.0,justin,holiday,Justin Holiday,IND,32,72,34,38,30.3,10.5,3.6,8.7,41.3,2.4,6.3,38.2,0.9,1.2,78.8,0.4,3.1,3.6,1.7,0.8,1.0,0.6,1.9,21.3,0.0,0.0,-0.6
174,Dennis Smith,6730320.0,dennis,smith,Dennis Smith Jr.,DET,23,23,7,16,18.3,6.7,2.5,6.3,40.0,0.8,2.5,32.8,0.8,1.1,73.1,0.5,1.9,2.4,3.3,1.1,1.0,0.6,1.6,18.3,1.0,1.0,-0.8
175,Avery Bradley,6669159.0,avery,bradley,Avery Bradley,HOU,30,27,6,21,22.3,6.4,2.4,6.3,37.4,1.2,3.7,32.7,0.4,0.6,80.0,0.3,1.8,2.1,1.7,1.0,0.8,0.1,2.0,13.1,0.0,0.0,-4.9
176,Coby White,6595401.0,coby,white,Coby White,CHI,21,69,30,39,31.2,15.1,5.4,13.1,41.6,2.4,6.6,35.9,1.9,2.1,90.1,0.4,3.7,4.1,4.8,2.3,0.6,0.2,2.6,27.2,5.0,0.0,-1.6
177,Trey Lyles,6509383.0,trey,lyles,Trey Lyles,SAS,25,23,10,13,15.6,5.0,1.9,3.9,47.8,0.6,1.7,35.0,0.7,1.0,65.2,0.4,3.3,3.7,0.6,0.3,0.3,0.0,0.6,11.1,1.0,0.0,-4.7
178,Wendell Carter,6448834.0,wendell,carter,Wendell Carter Jr.,ORL,22,54,21,33,25.5,11.2,4.3,8.5,50.3,0.3,0.9,29.4,2.4,3.3,73.2,2.4,5.8,8.2,1.9,1.4,0.6,0.8,2.7,26.8,13.0,0.0,-4.5
179,Malik Monk,6326750.0,malik,monk,Malik Monk,CHA,23,42,19,23,20.9,11.7,4.1,9.5,43.4,2.0,5.0,40.1,1.4,1.7,81.9,0.3,2.1,2.4,2.1,1.3,0.5,0.1,1.1,18.0,0.0,0.0,0.8
180,Killian Hayes,6281105.0,killian,hayes,Killian Hayes,DET,19,26,6,20,25.8,6.8,2.7,7.7,35.3,0.8,2.8,27.8,0.5,0.7,82.4,0.2,2.4,2.7,5.3,3.2,1.0,0.4,2.2,19.0,0.0,0.0,-5.0
181,Luke Kennard,6241700.0,luke,kennard,Luke Kennard,LAC,25,63,44,19,19.6,8.3,3.1,6.6,47.6,1.6,3.6,44.6,0.4,0.5,83.9,0.2,2.3,2.6,1.7,0.8,0.4,0.1,1.4,14.6,1.0,0.0,-0.4
182,Donovan Mitchell,6149001.0,donovan,mitchell,Donovan Mitchell,UTA,24,53,39,14,33.4,26.4,9.0,20.6,43.8,3.4,8.7,38.6,5.0,6.0,84.5,0.9,3.5,4.4,5.2,2.8,1.0,0.3,2.2,40.6,2.0,0.0,5.4
183,Rodney McGruder,6145221.0,rodney,mcgruder,Rodney McGruder,DET,29,16,3,13,12.1,5.7,2.3,4.4,52.9,0.7,1.5,45.8,0.4,0.5,75.0,0.5,0.9,1.4,1.0,0.4,0.5,0.1,0.8,10.1,0.0,0.0,-1.1
184,Bam Adebayo,6054308.0,bam,adebayo,Bam Adebayo,MIA,23,64,34,30,33.5,18.7,7.1,12.5,57.0,0.0,0.1,25.0,4.4,5.5,79.9,2.2,6.7,9.0,5.4,2.6,1.2,1.0,2.3,41.5,33.0,2.0,0.4
185,Justin Jackson,6047378.0,justin,jackson,Justin Jackson,MIL,26,34,12,22,17.0,7.2,2.6,6.5,40.3,1.1,3.4,30.8,0.9,1.1,83.8,0.5,1.8,2.3,1.5,0.9,0.4,0.1,0.9,12.8,0.0,0.0,-1.2
186,Jaxson Hayes,6042080.0,jaxson,hayes,Jaxson Hayes,NOP,21,60,24,36,16.1,7.5,2.9,4.7,62.5,0.1,0.2,42.9,1.6,2.0,77.5,1.5,2.8,4.3,0.6,0.7,0.4,0.6,1.7,16.0,0.0,0.0,-0.4
187,Ed Davis,5923953.0,ed,davis,Ed Davis,MIN,32,23,5,18,13.0,2.1,0.8,1.9,43.2,0.0,0.0,0.0,0.4,0.5,83.3,2.0,3.0,5.0,0.9,0.3,0.6,0.6,2.4,12.5,0.0,0.0,-2.0
188,Mike Scott,5923953.0,mike,scott,Mike Scott,PHI,32,51,35,16,16.7,4.2,1.5,4.1,36.0,1.0,3.0,34.2,0.2,0.2,66.7,0.2,2.1,2.4,0.8,0.4,0.5,0.3,1.4,10.0,0.0,0.0,-0.2
189,Richaun Holmes,5923953.0,richaun,holmes,Richaun Holmes,SAC,27,61,29,32,29.2,14.2,6.0,9.4,63.7,0.0,0.2,18.2,2.2,2.8,79.4,2.4,5.9,8.3,1.7,1.2,0.6,1.6,3.5,32.1,21.0,0.0,0.1
190,Daniel Theis,5917621.0,daniel,theis,Daniel Theis,CHI,29,65,28,37,24.6,9.6,3.9,7.2,54.1,0.8,2.3,32.2,1.1,1.7,67.3,1.4,4.0,5.5,1.7,1.0,0.6,0.9,2.6,22.2,6.0,0.0,-0.5
191,Nerlens Noel,5917621.0,nerlens,noel,Nerlens Noel,NYK,27,64,35,29,24.2,5.1,2.1,3.5,61.4,0.0,0.0,0.0,0.8,1.1,71.4,2.2,4.1,6.4,0.7,1.0,1.1,2.2,2.8,22.6,2.0,0.0,0.0
192,Collin Sexton,5908011.0,collin,sexton,Collin Sexton,CLE,22,60,18,42,35.3,24.3,8.8,18.4,47.5,1.6,4.4,37.1,5.2,6.4,81.5,1.0,2.2,3.1,4.4,2.8,1.0,0.2,2.6,35.4,1.0,0.0,-6.3
193,Pat Connaughton,5844565.0,pat,connaughton,Pat Connaughton,MIL,28,69,44,25,22.8,6.8,2.4,5.6,43.4,1.5,3.9,37.1,0.4,0.6,77.5,0.9,3.9,4.8,1.2,0.5,0.7,0.3,1.4,17.0,0.0,0.0,3.2
194,Obi Toppin,5754342.0,obi,toppin,Obi Toppin,NYK,23,62,36,26,11.0,4.1,1.7,3.4,49.8,0.4,1.4,30.6,0.3,0.4,73.1,0.4,1.8,2.2,0.5,0.4,0.3,0.2,0.9,8.6,0.0,0.0,0.4
195,Kevon Looney,5706278.0,kevon,looney,Kevon Looney,GSW,25,61,34,27,19.0,4.1,1.8,3.2,54.8,0.1,0.3,23.5,0.5,0.8,64.6,1.9,3.4,5.3,2.0,0.6,0.3,0.4,2.2,14.9,0.0,0.0,2.1
196,Kris Dunn,5641860.0,kris,dunn,Kris Dunn,ATL,27,4,1,3,11.4,1.3,0.3,3.0,8.3,0.0,0.5,0.0,0.8,1.0,75.0,0.0,1.5,1.5,0.5,0.8,0.5,0.5,2.5,6.1,0.0,0.0,-7.8
197,Garrett Temple,5641860.0,garrett,temple,Garrett Temple,CHI,35,56,25,31,27.3,7.6,2.8,6.8,41.5,1.2,3.6,33.5,0.7,0.9,80.0,0.5,2.3,2.9,2.2,1.0,0.8,0.5,2.3,17.2,0.0,0.0,0.9
198,Josh Jackson,5641860.0,josh,jackson,Josh Jackson,DET,24,62,16,46,25.2,13.4,4.8,11.4,41.9,1.2,4.1,30.0,2.6,3.5,72.9,0.9,3.2,4.1,2.3,2.3,0.9,0.8,2.9,24.3,2.0,0.0,-2.0
199,Elfrid Payton,5641860.0,elfrid,payton,Elfrid Payton,NYK,27,63,36,27,23.6,10.1,4.3,9.9,43.2,0.4,1.6,28.6,1.2,1.7,68.2,1.0,2.4,3.4,3.2,1.6,0.7,0.1,1.8,20.1,0.0,0.0,-1.6
200,Rui Hachimura,5554089.0,rui,hachimura,Rui Hachimura,WAS,23,57,29,28,31.5,13.8,5.4,11.4,47.8,0.8,2.4,32.8,2.2,2.8,77.0,0.9,4.6,5.5,1.4,1.2,0.8,0.1,2.1,24.1,3.0,0.0,-1.9
201,Denzel Valentine,5494866.0,denzel,valentine,Denzel Valentine,CHI,27,62,26,36,16.7,6.5,2.5,6.7,37.3,1.3,3.9,33.1,0.3,0.3,94.1,0.4,2.8,3.2,1.7,0.7,0.5,0.1,1.1,14.0,0.0,0.0,0.7
202,Kevin Knox,5430814.0,kevin,knox,Kevin Knox II,NYK,21,42,26,16,11.1,3.9,1.3,3.4,39.2,0.8,2.1,39.3,0.4,0.5,80.0,0.2,1.2,1.5,0.5,0.4,0.3,0.1,0.9,7.2,0.0,0.0,-0.8
203,Deni Avdija,5289359.0,deni,avdija,Deni Avdija,WAS,20,54,25,29,23.3,6.3,2.4,5.8,41.7,1.0,3.1,31.5,0.5,0.8,64.4,0.4,4.4,4.9,1.2,0.6,0.6,0.3,2.6,15.9,2.0,0.0,-1.5
204,Cam Reddish,5276151.0,cam,reddish,Cam Reddish,ATL,21,26,10,16,28.9,11.2,3.7,10.1,36.5,1.3,4.8,26.2,2.6,3.2,81.7,0.8,3.2,4.0,1.3,1.3,1.3,0.3,2.6,21.6,0.0,0.0,-1.9
205,Mikal Bridges,5158982.0,mikal,bridges,Mikal Bridges,PHX,24,72,51,21,32.6,13.5,5.0,9.3,54.3,1.9,4.4,42.5,1.5,1.8,84.0,1.1,3.2,4.3,2.1,0.8,1.1,0.9,1.6,26.8,2.0,0.0,4.7
206,Jalen Smith,5024912.0,jalen,smith,Jalen Smith,PHX,21,27,19,8,5.8,2.0,0.8,1.9,44.0,0.1,0.6,23.5,0.2,0.3,71.4,0.3,1.1,1.4,0.1,0.3,0.0,0.1,0.6,4.1,1.0,0.0,-0.6
207,Cameron Johnson,5012414.0,cameron,johnson,Cameron Johnson,PHX,25,60,43,17,24.0,9.6,3.4,8.1,42.0,2.0,5.6,34.9,0.8,1.0,84.7,0.6,2.8,3.3,1.4,0.7,0.6,0.3,1.4,17.7,0.0,0.0,2.9
208,JaVale McGee,4970801.0,javale,mcgee,JaVale McGee,DEN,33,46,21,25,14.7,7.3,3.1,6.1,51.1,0.1,0.5,20.8,1.0,1.5,65.7,1.7,3.5,5.2,0.8,1.3,0.4,1.2,2.6,18.3,1.0,0.0,-1.9
209,Reggie Bullock,4970801.0,reggie,bullock,Reggie Bullock Jr.,NYK,30,65,38,27,30.0,10.9,3.8,8.6,44.2,2.5,6.1,41.0,0.8,0.8,90.9,0.2,3.2,3.4,1.5,0.7,0.8,0.2,2.2,19.5,0.0,0.0,1.6
210,Shai Gilgeous-Alexander,4901352.0,shai,gilgeous-alexander,Shai Gilgeous-Alexander,OKC,22,35,16,19,33.7,23.7,8.2,16.1,50.8,2.0,4.9,41.8,5.3,6.5,80.8,0.5,4.2,4.7,5.9,3.0,0.8,0.7,2.0,39.5,3.0,0.0,-5.3
211,John Collins,4896597.0,john,collins,John Collins,ATL,23,63,34,29,29.3,17.6,6.8,12.2,55.6,1.3,3.3,39.9,2.7,3.2,83.3,1.9,5.5,7.4,1.2,1.3,0.5,1.0,3.1,31.7,16.0,0.0,2.9
212,Willie Cauley-Stein,4852449.0,willie,cauley-stein,Willie Cauley-Stein,DAL,27,53,29,24,17.1,5.3,2.2,3.4,63.2,0.0,0.2,9.1,0.9,1.5,62.8,1.2,3.2,4.5,0.7,0.5,0.4,0.8,2.4,14.7,1.0,0.0,2.6
213,Devin Vassell,4773674.0,devin,vassell,Devin Vassell,SAS,20,62,30,32,17.0,5.5,2.0,4.9,40.6,0.8,2.4,34.7,0.7,0.8,84.3,0.4,2.4,2.8,0.9,0.4,0.7,0.3,1.4,12.8,0.0,0.0,-1.0
214,Dorian Finney-Smith,4734096.0,dorian,finney-smith,Dorian Finney-Smith,DAL,28,60,36,24,32.0,9.8,3.7,7.8,47.2,2.0,5.0,39.4,0.5,0.7,75.6,1.6,3.8,5.4,1.7,0.8,0.9,0.4,2.3,22.0,1.0,0.0,3.3
215,Patrick McCaw,4734096.0,patrick,mccaw,Patrick McCaw,TOR,25,5,2,3,6.7,1.0,0.2,0.2,100.0,0.0,0.0,0.0,0.6,0.6,100.0,0.2,0.4,0.6,0.8,0.0,0.4,0.0,1.2,4.1,0.0,0.0,-3.6
216,Alex Len,4699357.0,alex,len,Alex Len,WAS,28,64,30,34,15.3,6.6,2.7,4.3,61.5,0.1,0.4,32.0,1.1,1.8,62.9,1.2,2.8,4.1,0.8,0.9,0.3,1.0,2.0,15.7,2.0,0.0,-1.5
217,Terrance Ferguson,4667835.0,terrance,ferguson,Terrance Ferguson,PHI,23,13,10,3,3.8,0.2,0.1,0.5,14.3,0.0,0.4,0.0,0.0,0.0,0.0,0.0,0.1,0.1,0.2,0.3,0.1,0.0,0.5,0.4,0.0,0.0,-1.5
218,Miles Bridges,4656363.0,miles,bridges,Miles Bridges,CHA,23,66,31,35,29.3,12.7,4.7,9.4,50.3,1.8,4.4,40.0,1.5,1.7,86.7,1.2,4.8,6.0,2.2,1.6,0.7,0.8,2.2,26.0,11.0,0.0,-0.1
219,Austin Rivers,4650123.0,austin,rivers,Austin Rivers,DEN,28,36,20,16,23.5,7.9,2.9,6.8,42.4,1.5,4.1,36.9,0.6,0.9,71.0,0.2,2.1,2.3,2.3,1.0,0.8,0.1,1.8,15.7,0.0,0.0,0.3
220,Jevon Carter,4645332.0,jevon,carter,Jevon Carter,PHX,25,60,42,18,11.9,4.1,1.6,3.7,42.2,0.9,2.5,37.1,0.1,0.1,57.1,0.3,1.3,1.5,1.2,0.3,0.5,0.2,0.9,9.4,1.0,0.0,0.5
221,Jarrett Allen,4627463.0,jarrett,allen,Jarrett Allen,CLE,23,63,20,43,29.6,12.8,4.7,7.7,61.8,0.1,0.3,31.6,3.2,4.6,70.3,3.1,6.9,10.0,1.7,1.6,0.5,1.4,1.5,31.6,25.0,0.0,-3.2
222,Nicolo Melli,4612710.0,nicolo,melli,Nicolo Melli,DAL,30,45,26,19,12.6,3.0,1.0,3.1,32.6,0.5,1.9,27.1,0.4,0.6,76.0,0.6,2.1,2.7,1.0,0.3,0.3,0.1,1.3,8.6,0.0,0.0,0.5
223,OG Anunoby,4582860.0,og,anunoby,OG Anunoby,TOR,23,43,18,25,33.3,15.9,5.8,12.1,48.0,2.4,6.1,39.8,1.9,2.4,78.4,1.3,4.3,5.5,2.2,1.7,1.5,0.7,2.7,30.8,3.0,0.0,2.7
224,Gabriel Deck,4580676.0,gabriel,deck,Gabriel Deck,OKC,26,10,1,9,21.2,8.4,3.2,6.7,47.8,0.2,1.5,13.3,1.8,2.2,81.8,1.6,2.4,4.0,2.4,0.6,0.8,0.0,0.9,18.6,0.0,0.0,-5.1
225,Tyrese Haliburton,4535075.0,tyrese,haliburton,Tyrese Haliburton,SAC,21,58,25,33,30.1,13.0,5.0,10.7,47.2,2.1,5.1,40.9,0.8,1.0,85.7,0.7,2.3,3.0,5.3,1.6,1.3,0.5,1.4,28.4,5.0,0.0,-3.1
226,Tyler Herro,4523713.0,tyler,herro,Tyler Herro,MIA,21,54,29,25,30.3,15.1,5.7,12.9,43.9,2.0,5.5,36.0,1.7,2.2,80.3,0.5,4.5,5.0,3.4,1.9,0.6,0.3,1.3,27.2,5.0,0.0,-1.6
227,Patrick Patterson,4514873.0,patrick,patterson,Patrick Patterson,LAC,32,38,26,12,15.3,5.2,1.9,4.3,43.6,1.1,2.9,35.7,0.3,0.4,76.5,0.5,1.5,2.0,0.8,0.3,0.4,0.2,1.2,10.1,0.0,0.0,0.6
228,Stanley Johnson,4502303.0,stanley,johnson,Stanley Johnson,TOR,25,61,25,36,16.5,4.4,1.5,3.8,38.2,0.7,2.2,32.8,0.7,0.9,80.0,0.5,2.0,2.5,1.5,0.9,0.9,0.3,1.9,12.1,2.0,0.0,-2.6
229,Jake Layman,4451335.0,jake,layman,Jake Layman,MIN,27,45,12,33,13.9,5.1,2.0,4.1,49.5,0.5,1.7,29.5,0.6,0.8,70.3,0.3,1.2,1.5,0.6,0.6,0.6,0.4,1.0,10.5,0.0,0.0,-1.8
230,Jerome Robinson,4423445.0,jerome,robinson,Jerome Robinson,WAS,24,17,5,12,17.9,4.9,1.6,5.6,29.5,0.6,2.5,26.2,0.9,1.2,80.0,0.2,2.0,2.2,1.5,1.1,0.7,0.4,1.8,11.8,0.0,0.0,-5.9
231,Danuel House,4399159.0,danuel,house,Danuel House Jr.,HOU,28,36,8,28,25.9,8.8,3.1,7.6,40.4,1.5,4.3,34.6,1.1,1.8,65.1,0.5,3.2,3.7,1.9,1.0,0.6,0.4,1.9,18.0,0.0,0.0,-6.2
232,Kira Lewis,4308264.0,kira,lewis,Kira Lewis Jr.,NOP,20,54,23,31,16.7,6.4,2.4,6.2,38.6,0.7,2.2,33.3,0.8,0.9,84.3,0.2,1.1,1.3,2.3,0.6,0.7,0.2,1.6,13.4,0.0,0.0,0.4
233,Romeo Langford,4297613.0,romeo,langford,Romeo Langford,BOS,21,18,9,9,15.7,3.1,1.2,3.3,35.6,0.3,1.0,27.8,0.5,0.7,75.0,0.7,1.3,1.9,0.7,0.6,0.3,0.3,1.3,7.8,0.0,0.0,-3.7
234,Wesley Matthews,4287908.0,wesley,matthews,Wesley Matthews,LAL,34,58,33,25,19.5,4.8,1.5,4.3,35.3,1.1,3.4,33.5,0.6,0.7,85.4,0.3,1.3,1.6,0.9,0.4,0.7,0.3,1.4,10.5,0.0,0.0,0.7
235,Bobby Portis,4287908.0,bobby,portis,Bobby Portis,MIL,26,66,44,22,20.8,11.4,4.7,9.1,52.3,1.1,2.4,47.1,0.8,1.1,74.0,1.9,5.2,7.1,1.1,0.8,0.8,0.4,1.7,24.2,12.0,0.0,2.1
236,Wayne Ellington,4218971.0,wayne,ellington,Wayne Ellington,DET,33,46,13,33,22.0,9.6,3.2,7.3,44.1,2.5,6.0,42.2,0.6,0.8,80.0,0.3,1.6,1.8,1.5,0.7,0.4,0.2,1.3,15.1,0.0,0.0,-1.5
237,Kyle Kuzma,4215924.0,kyle,kuzma,Kyle Kuzma,LAL,25,68,40,28,28.7,12.9,4.9,11.1,44.3,2.0,5.6,36.1,1.0,1.4,69.1,1.6,4.5,6.1,1.9,1.7,0.5,0.6,1.8,24.7,13.0,0.0,0.0
238,Michael Porter,4202457.0,michael,porter,Michael Porter Jr.,DEN,23,61,40,21,31.3,19.0,7.3,13.4,54.2,2.8,6.3,44.5,1.7,2.2,79.1,1.5,5.8,7.3,1.1,1.3,0.7,0.9,2.1,32.9,15.0,0.0,5.9
239,Tony Bradley,4192113.0,tony,bradley,Tony Bradley,OKC,23,42,15,27,16.3,7.1,3.1,4.7,66.5,0.0,0.1,0.0,0.9,1.3,69.1,2.0,3.7,5.7,0.9,0.8,0.4,0.7,1.5,17.7,3.0,0.0,-0.4
240,Derrick White,4161607.0,derrick,white,Derrick White,SAS,26,36,18,18,29.5,15.4,5.2,12.6,41.1,2.3,6.8,34.6,2.7,3.2,85.1,0.4,2.6,3.0,3.5,1.3,0.7,1.0,2.5,28.1,0.0,0.0,2.6
241,Bismack Biyombo,4142334.0,bismack,biyombo,Bismack Biyombo,CHA,28,66,28,38,20.4,5.0,2.2,3.7,58.7,0.0,0.0,0.0,0.7,1.6,44.8,2.1,3.2,5.3,1.2,1.1,0.3,1.1,2.1,16.2,3.0,0.0,-4.2
242,Boban Marjanovic,4142334.0,boban,marjanovic,Boban Marjanovic,DAL,32,33,14,19,8.2,4.7,1.9,3.7,50.8,0.0,0.2,12.5,0.9,1.2,81.6,1.4,2.5,3.9,0.3,0.4,0.1,0.2,0.9,10.2,3.0,0.0,0.7
243,Josh Hart,4131871.0,josh,hart,Josh Hart,NOP,26,47,21,26,28.7,9.2,3.2,7.3,43.9,1.3,4.1,32.6,1.5,1.9,77.5,1.1,6.9,8.0,2.3,1.0,0.8,0.3,2.4,24.5,7.0,0.0,0.0
244,Aaron Nesmith,4093100.0,aaron,nesmith,Aaron Nesmith,BOS,21,46,22,24,14.5,4.7,1.7,3.9,43.8,0.9,2.3,37.0,0.5,0.6,78.6,0.6,2.2,2.8,0.5,0.5,0.3,0.2,1.9,9.9,0.0,0.0,-0.2
245,Sekou Doumbouya,4082448.0,sekou,doumbouya,Sekou Doumbouya,DET,20,56,15,41,15.5,5.1,1.9,5.0,37.9,0.5,2.1,22.6,0.8,1.1,70.3,0.7,1.9,2.6,0.8,0.8,0.4,0.2,1.7,10.4,0.0,0.0,-2.4
246,Dewayne Dedmon,4080172.0,dewayne,dedmon,Dewayne Dedmon,MIA,31,16,11,5,13.2,7.1,2.9,4.1,70.8,0.1,0.3,20.0,1.3,1.7,74.1,1.8,3.6,5.4,0.8,0.8,0.6,0.4,2.3,16.6,1.0,0.0,4.3
247,Troy Brown,3991837.0,troy,brown,Troy Brown Jr.,CHI,21,34,10,24,15.4,4.7,1.8,4.2,43.1,0.6,2.1,31.4,0.4,0.6,71.4,0.6,2.5,3.1,0.9,0.6,0.3,0.2,1.4,10.5,0.0,0.0,0.8
248,Jeff Teague,3991820.0,jeff,teague,Jeff Teague,MIL,33,55,27,28,17.3,6.7,2.2,5.2,43.3,0.7,1.5,43.9,1.6,1.9,84.8,0.3,1.3,1.6,2.4,1.2,0.6,0.2,1.0,13.6,0.0,0.0,1.0
249,Michael Carter-Williams,3905630.0,michael,carter-williams,Michael Carter-Williams,ORL,29,31,12,19,25.8,8.8,3.4,8.7,38.9,0.5,2.0,24.6,1.6,2.6,61.3,1.3,3.2,4.5,4.2,2.2,0.8,0.5,2.6,22.3,0.0,0.0,-1.6
250,James Ennis,3905630.0,james,ennis,James Ennis III,ORL,30,41,12,29,24.1,8.4,2.8,5.9,47.3,1.1,2.5,43.3,1.7,2.1,80.5,1.0,3.0,4.0,1.5,0.9,0.8,0.2,2.0,17.5,1.0,0.0,-1.8
251,Cole Anthony,3888019.0,cole,anthony,Cole Anthony,ORL,21,47,13,34,27.1,12.9,4.7,11.7,39.7,1.2,3.7,33.7,2.3,2.8,83.2,0.8,3.9,4.7,4.1,2.3,0.6,0.4,2.1,25.5,0.0,0.0,-6.9
252,Taj Gibson,3886319.0,taj,gibson,Taj Gibson,NYK,36,45,29,16,20.8,5.4,2.2,3.5,62.7,0.1,0.3,20.0,0.9,1.2,72.7,2.2,3.4,5.6,0.8,0.5,0.7,1.1,2.2,18.1,0.0,0.0,2.9
253,Facundo Campazzo,3787277.0,facundo,campazzo,Facundo Campazzo,DEN,30,65,43,22,21.9,6.1,1.8,4.8,38.1,1.2,3.3,35.2,1.2,1.4,87.9,0.3,1.7,2.1,3.6,1.1,1.2,0.2,2.0,17.1,1.0,0.0,1.2
254,Isaiah Stewart,3693873.0,isaiah,stewart,Isaiah Stewart,DET,20,68,20,48,21.4,7.9,3.3,6.0,55.3,0.3,0.9,33.3,0.9,1.4,69.6,2.3,4.3,6.7,0.9,1.0,0.6,1.3,2.7,21.7,8.0,0.0,-0.9
255,Chuma Okeke,3693873.0,chuma,okeke,Chuma Okeke,ORL,22,45,15,30,25.2,7.8,3.0,7.2,41.7,1.1,3.1,34.8,0.7,0.9,75.0,0.9,3.1,4.0,2.2,0.8,1.1,0.5,1.1,19.8,0.0,0.0,-4.0
256,Nickeil Alexander-Walker,3684500.0,nickeil,alexander-walker,Nickeil Alexander-Walker,NOP,22,46,20,26,21.9,11.0,4.2,10.0,41.9,1.7,4.8,34.7,1.0,1.4,72.7,0.3,2.8,3.1,2.2,1.5,1.0,0.5,1.9,21.1,0.0,0.0,-1.1
257,DeMarcus Cousins,3611916.0,demarcus,cousins,DeMarcus Cousins,LAC,30,41,22,19,17.4,8.9,3.2,7.4,42.6,1.1,3.3,34.8,1.4,2.0,72.8,1.3,5.1,6.4,1.9,1.6,0.8,0.6,2.6,22.1,7.0,0.0,-1.5
258,Donte DiVincenzo,3602837.0,donte,divincenzo,Donte DiVincenzo,MIL,24,66,44,22,27.5,10.4,3.8,9.1,42.0,2.0,5.2,37.9,0.8,1.1,71.8,1.2,4.5,5.8,3.1,1.4,1.1,0.2,1.7,24.5,5.0,0.0,4.6
259,Khem Birch,3564181.0,khem,birch,Khem Birch,TOR,28,67,23,44,22.8,7.2,2.8,5.7,49.7,0.2,0.8,25.0,1.4,1.9,70.5,2.6,3.2,5.8,1.3,0.7,0.7,0.7,1.7,19.8,6.0,0.0,-1.9
260,Ryan Arcidiacono,3550572.0,ryan,arcidiacono,Ryan Arcidiacono,CHI,27,44,20,24,10.2,3.1,1.1,2.7,41.9,0.6,1.5,37.3,0.3,0.5,65.0,0.1,1.4,1.5,1.3,0.2,0.2,0.0,1.1,7.2,0.0,0.0,0.2
261,Trey Burke,3550572.0,trey,burke,Trey Burke,DAL,28,62,35,27,14.7,6.6,2.4,5.7,42.8,0.9,2.6,35.4,0.8,0.9,89.5,0.2,0.7,0.9,1.3,0.5,0.6,0.1,1.0,11.2,0.0,0.0,0.2
262,Aleksej Pokusevski,3508960.0,aleksej,pokusevski,Aleksej Pokusevski,OKC,19,45,13,32,24.2,8.2,3.1,9.1,34.1,1.3,4.6,28.0,0.7,0.9,73.8,0.7,4.0,4.7,2.2,2.2,0.4,0.9,1.3,19.0,1.0,0.0,-8.7
263,Goga Bitadze,3500296.0,goga,bitadze,Goga Bitadze,IND,21,45,19,26,12.5,5.1,1.8,4.3,42.8,0.4,1.8,25.3,1.0,1.4,73.8,1.3,2.0,3.3,0.8,0.4,0.2,1.3,2.1,14.6,0.0,0.0,-0.4
264,Lonnie Walker,3427154.0,lonnie,walker,Lonnie Walker IV,SAS,22,60,28,32,25.4,11.2,4.3,10.2,42.0,1.7,4.7,35.5,1.0,1.2,81.4,0.2,2.4,2.6,1.7,1.1,0.5,0.3,1.7,17.9,0.0,0.0,-3.5
265,Ben McLemore,3424681.0,ben,mclemore,Ben McLemore,LAL,28,53,20,33,17.1,7.7,2.5,6.9,37.0,1.8,5.3,34.6,0.7,1.0,73.6,0.3,1.6,1.9,0.7,0.8,0.4,0.2,1.7,12.0,0.0,0.0,-1.9
266,Luka Samanic,3342651.0,luka,samanic,Luka Samanic,SAS,21,33,14,19,9.3,3.7,1.4,3.2,44.8,0.4,1.3,27.9,0.5,0.9,55.2,0.5,1.6,2.1,0.5,0.6,0.2,0.2,1.3,7.7,0.0,0.0,-0.6
267,Josh Green,3333703.0,josh,green,Josh Green,DAL,20,39,20,19,11.4,2.6,1.1,2.4,45.2,0.1,0.6,16.0,0.3,0.6,56.5,0.7,1.3,2.0,0.7,0.4,0.4,0.1,0.9,7.1,0.0,0.0,0.4
268,Kevin Huerter,3268799.0,kevin,huerter,Kevin Huerter,ATL,22,69,40,29,30.8,11.9,4.6,10.6,43.2,2.0,5.6,36.3,0.7,0.9,78.1,0.6,2.8,3.3,3.5,1.1,1.2,0.3,2.4,24.4,3.0,0.0,1.0
269,Alex Caruso,3254691.0,alex,caruso,Alex Caruso,LAL,27,58,32,26,21.0,6.4,2.3,5.3,43.6,0.9,2.4,40.1,0.8,1.3,64.5,0.5,2.4,2.9,2.8,1.3,1.1,0.3,1.9,16.8,0.0,0.0,2.1
270,Matisse Thybulle,3208865.0,matisse,thybulle,Matisse Thybulle,PHI,24,65,46,19,20.0,3.9,1.6,3.7,42.0,0.7,2.2,30.1,0.1,0.3,44.4,0.5,1.4,1.9,1.0,0.5,1.6,1.1,2.0,15.3,0.0,0.0,1.5
271,Saddiq Bey,3183585.0,saddiq,bey,Saddiq Bey,DET,22,70,19,51,27.3,12.2,4.0,9.9,40.4,2.5,6.6,38.0,1.8,2.1,84.4,0.6,3.9,4.5,1.4,0.9,0.7,0.2,1.6,21.7,3.0,0.0,-3.0
272,Josh Okogie,3137570.0,josh,okogie,Josh Okogie,MIN,22,59,21,38,20.3,5.4,1.7,4.3,40.2,0.5,1.8,26.9,1.4,1.8,76.9,1.1,1.6,2.6,1.1,0.7,0.9,0.5,2.1,13.6,0.0,0.0,-3.3
273,Vincent Poirier,3099894.0,vincent,poirier,Vincent Poirier,PHI,27,10,8,2,3.9,0.8,0.3,1.2,25.0,0.0,0.1,0.0,0.2,0.6,33.3,0.6,0.8,1.4,0.2,0.4,0.0,0.3,0.8,3.3,0.0,0.0,-1.6
274,Brandon Clarke,3080618.0,brandon,clarke,Brandon Clarke,MEM,24,59,32,27,24.0,10.3,4.3,8.4,51.7,0.3,1.3,26.0,1.3,1.9,69.0,1.6,3.9,5.6,1.6,0.6,1.0,0.9,1.4,24.5,3.0,0.0,-0.3
275,Precious Achiuwa,3056048.0,precious,achiuwa,Precious Achiuwa,MIA,21,61,31,30,12.1,5.0,2.0,3.7,54.4,0.0,0.0,0.0,0.9,1.8,50.9,1.2,2.2,3.4,0.5,0.7,0.3,0.5,1.5,11.4,3.0,0.0,-1.9
276,Jeff Green,3035447.0,jeff,green,Jeff Green,BKN,34,68,44,24,27.0,11.0,3.8,7.8,49.2,1.5,3.7,41.2,1.8,2.4,77.6,0.5,3.4,3.9,1.6,0.8,0.5,0.4,1.8,20.0,0.0,0.0,1.7
277,Marc Gasol,3035447.0,marc,gasol,Marc Gasol,LAL,36,52,32,20,19.1,5.0,1.7,3.7,45.4,1.0,2.3,41.0,0.7,1.0,72.0,0.7,3.4,4.1,2.1,1.0,0.5,1.1,2.2,17.0,0.0,0.0,1.7
278,Jared Dudley,3035447.0,jared,dudley,Jared Dudley,LAL,35,12,7,5,6.7,0.5,0.2,0.8,22.2,0.2,0.5,33.3,0.0,0.0,0.0,0.3,1.4,1.8,0.4,0.2,0.1,0.1,0.6,3.6,0.0,0.0,0.2
279,Udonis Haslem,3035447.0,udonis,haslem,Udonis Haslem,MIA,41,1,1,0,2.7,4.0,2.0,2.0,100.0,0.0,0.0,0.0,0.0,0.0,0.0,0.0,1.0,1.0,0.0,0.0,0.0,0.0,0.0,5.2,0.0,0.0,3.0
280,Dwight Howard,3035447.0,dwight,howard,Dwight Howard,PHI,35,69,46,23,17.3,7.0,2.6,4.4,58.7,0.1,0.3,25.0,1.8,3.0,57.6,2.8,5.7,8.4,0.9,1.6,0.4,0.9,2.9,20.8,12.0,0.0,-1.0
281,Carmelo Anthony,3035447.0,carmelo,anthony,Carmelo Anthony,POR,37,69,39,30,24.5,13.4,4.7,11.3,42.1,1.9,4.7,40.9,2.0,2.2,89.0,0.5,2.6,3.1,1.5,0.9,0.7,0.6,2.1,22.1,0.0,0.0,-0.3
282,Grayson Allen,3012447.0,grayson,allen,Grayson Allen,MEM,25,50,26,24,25.2,10.6,3.5,8.3,41.8,2.1,5.5,39.1,1.6,1.8,86.8,0.4,2.8,3.2,2.2,1.0,0.9,0.2,1.4,20.0,0.0,0.0,0.2
283,Grant Williams,2957343.0,grant,williams,Grant Williams,BOS,22,63,30,33,18.1,4.7,1.7,3.9,43.7,0.8,2.0,37.2,0.5,0.8,58.8,0.8,2.1,2.8,1.0,0.9,0.5,0.4,2.6,11.4,0.0,0.0,-0.8
284,Tyrese Maxey,2933767.0,tyrese,maxey,Tyrese Maxey,PHI,20,61,41,20,15.3,8.0,3.2,7.0,46.2,0.5,1.7,30.1,1.0,1.1,87.1,0.2,1.5,1.7,2.0,0.7,0.4,0.2,1.3,14.2,0.0,0.0,-0.9
285,Chandler Hutchison,2891870.0,chandler,hutchison,Chandler Hutchison,WAS,25,25,11,14,13.8,4.3,1.6,4.1,37.9,0.3,0.9,36.4,0.8,1.0,84.0,0.2,2.9,3.1,0.7,0.8,0.5,0.2,1.3,10.3,0.0,0.0,-2.3
286,Mfiondu Kabengele,2878748.0,mfiondu,kabengele,Mfiondu Kabengele,CLE,23,39,20,19,7.2,2.4,0.8,2.3,37.1,0.3,1.3,26.0,0.4,0.5,80.0,0.3,1.2,1.5,0.4,0.4,0.2,0.3,0.9,6.2,0.0,0.0,-2.4
287,Darius Bazley,2839464.0,darius,bazley,Darius Bazley,OKC,21,55,16,39,31.2,13.7,5.0,12.5,39.6,1.5,5.2,29.0,2.3,3.2,70.2,0.9,6.3,7.2,1.8,2.2,0.5,0.5,1.1,25.8,11.0,0.0,-8.7
288,Moritz Wagner,2821420.0,moritz,wagner,Moritz Wagner,ORL,24,45,19,26,16.0,6.9,2.3,5.1,45.4,0.7,2.0,34.1,1.6,1.9,81.6,0.6,2.6,3.2,1.1,1.0,0.6,0.4,2.4,14.4,1.0,0.0,-3.2
289,Zeke Nnaji,2816598.0,zeke,nnaji,Zeke Nnaji,DEN,20,42,30,12,9.5,3.2,1.2,2.5,48.1,0.6,1.4,40.7,0.3,0.4,80.0,0.3,1.2,1.5,0.2,0.2,0.2,0.1,0.7,6.1,0.0,0.0,-2.0
290,Aaron Holiday,2776121.0,aaron,holiday,Aaron Holiday,IND,24,66,30,36,17.8,7.2,2.6,6.6,39.0,1.0,2.8,36.8,1.0,1.3,81.9,0.2,1.1,1.3,1.9,1.0,0.7,0.2,1.4,13.3,1.0,0.0,0.0
291,Bryn Forbes,2766067.0,bryn,forbes,Bryn Forbes,MIL,27,70,45,25,19.3,10.0,3.6,7.6,47.3,2.2,4.9,45.2,0.7,0.9,77.0,0.2,1.4,1.6,0.6,0.6,0.3,0.0,1.1,13.3,1.0,0.0,1.4
292,Reggie Jackson,2759496.0,reggie,jackson,Reggie Jackson,LAC,31,67,43,24,23.0,10.7,3.9,8.7,45.0,1.8,4.2,43.3,1.0,1.2,81.7,0.4,2.5,2.9,3.1,1.1,0.6,0.1,1.9,19.7,0.0,0.0,3.7
293,Markieff Morris,2759496.0,markieff,morris,Markieff Morris,LAL,31,61,32,29,19.7,6.7,2.5,6.2,40.5,1.1,3.4,31.1,0.6,0.8,72.0,0.8,3.6,4.4,1.2,0.9,0.4,0.3,1.7,14.8,2.0,0.0,0.3
294,E'Twaun Moore,2759496.0,e'twaun,moore,E'Twaun Moore,PHX,32,27,20,7,14.4,4.9,2.0,4.5,45.5,0.4,1.3,31.4,0.4,0.5,85.7,0.5,1.1,1.7,1.5,0.9,0.6,0.2,1.2,10.5,0.0,0.0,0.3
295,Kent Bazemore,2745828.0,kent,bazemore,Kent Bazemore,GSW,31,67,35,32,19.9,7.2,2.6,5.9,44.9,1.1,2.7,40.8,0.8,1.2,69.2,0.4,3.0,3.4,1.6,1.2,1.0,0.5,2.4,17.0,1.0,0.0,2.5
296,Hassan Whiteside,2745828.0,hassan,whiteside,Hassan Whiteside,SAC,32,36,16,20,15.2,8.1,3.5,6.2,56.3,0.0,0.0,0.0,1.1,2.2,51.9,1.7,4.3,6.0,0.6,1.1,0.3,1.3,2.0,19.6,4.0,0.0,-2.9
297,Ty Jerome,2725703.0,ty,jerome,Ty Jerome,OKC,23,33,7,26,23.9,10.7,3.9,8.7,44.6,2.2,5.1,42.3,0.8,1.0,76.5,0.3,2.5,2.8,3.6,1.4,0.6,0.2,1.8,20.4,0.0,0.0,-4.1
298,Mike Muscala,2702026.0,mike,muscala,Mike Muscala,OKC,29,35,15,20,18.4,9.7,3.4,7.6,44.6,1.9,5.3,37.0,0.9,1.0,91.7,0.5,3.2,3.8,0.8,0.6,0.2,0.3,1.5,16.4,0.0,0.0,0.5
299,Anfernee Simons,2665343.0,anfernee,simons,Anfernee Simons,POR,22,64,37,27,17.3,7.8,2.6,6.3,41.9,1.9,4.4,42.6,0.7,0.9,80.7,0.2,2.0,2.2,1.4,0.7,0.3,0.1,1.5,13.1,0.0,0.0,0.7
300,Luke Kornet,2662929.0,luke,kornet,Luke Kornet,BOS,25,31,13,18,11.2,3.4,1.4,3.3,43.6,0.5,1.9,25.4,0.1,0.2,50.0,0.5,1.7,2.2,0.8,0.2,0.1,1.0,0.6,10.4,0.0,0.0,1.7
301,Brad Wanamaker,2662929.0,brad,wanamaker,Brad Wanamaker,CHA,31,61,29,32,17.3,5.5,1.9,4.9,38.5,0.3,1.4,18.8,1.5,1.7,89.1,0.3,1.4,1.7,2.9,1.2,0.7,0.2,1.5,13.3,0.0,0.0,-2.1
302,Nassir Little,2616346.0,nassir,little,Nassir Little,POR,21,48,27,21,13.3,4.6,1.6,3.5,46.7,0.6,1.7,35.0,0.8,0.9,80.0,0.7,2.0,2.7,0.5,0.4,0.1,0.3,1.1,9.3,0.0,0.0,-0.8
303,Solomon Hill,2573358.0,solomon,hill,Solomon Hill,ATL,30,71,41,30,21.3,4.5,1.5,4.2,35.9,1.0,3.0,32.1,0.5,0.6,76.1,0.6,2.4,3.0,1.1,0.6,0.7,0.2,1.6,11.7,0.0,0.0,0.4
304,Matthew Dellavedova,2573358.0,matthew,dellavedova,Matthew Dellavedova,CLE,30,13,4,9,17.2,2.8,1.1,4.3,25.0,0.3,1.9,16.0,0.3,0.3,100.0,0.5,1.4,1.8,4.5,0.5,0.3,0.1,1.6,12.4,0.0,0.0,-1.4
305,Edmond Sumner,2556412.0,edmond,sumner,Edmond Sumner,IND,25,53,23,30,16.2,7.5,2.8,5.3,52.5,0.7,1.7,39.8,1.3,1.6,81.9,0.3,1.4,1.8,0.9,1.0,0.6,0.2,1.7,12.5,0.0,0.0,-0.6
306,Anderson Varejao,2534769.0,anderson,varejao,Anderson Varejao,CLE,38,5,1,4,7.2,2.6,0.8,3.2,25.0,0.0,0.2,0.0,1.0,1.8,55.6,1.4,2.6,4.0,0.6,0.2,0.0,0.4,0.6,9.3,0.0,0.0,-6.6
307,Dylan Windler,2529712.0,dylan,windler,Dylan Windler,CLE,24,31,11,20,16.5,5.2,1.8,4.2,43.8,0.8,2.5,33.8,0.7,0.9,77.8,0.6,2.8,3.5,1.1,1.0,0.6,0.4,1.2,12.9,1.0,0.0,-2.0
308,Immanuel Quickley,2491933.0,immanuel,quickley,Immanuel Quickley,NYK,22,64,37,27,19.4,11.4,3.6,9.1,39.5,1.8,4.7,38.9,2.4,2.7,89.1,0.4,1.8,2.1,2.0,0.9,0.5,0.2,1.8,18.0,0.0,0.0,2.8
309,John Konchar,2485400.0,john,konchar,John Konchar,MEM,25,43,23,20,13.4,4.3,1.6,3.2,50.0,0.5,1.3,37.5,0.6,0.7,83.3,0.8,2.2,3.0,1.1,0.4,0.7,0.2,0.9,11.8,0.0,0.0,0.4
310,Landry Shamet,2473613.0,landry,shamet,Landry Shamet,BKN,24,61,39,22,23.0,9.3,3.0,7.5,40.8,2.1,5.5,38.7,1.1,1.3,84.6,0.2,1.7,1.8,1.6,0.8,0.5,0.2,1.5,15.2,0.0,0.0,0.9
311,Jordan Poole,2441941.0,jordan,poole,Jordan Poole,GSW,22,51,28,23,19.4,12.0,4.0,9.3,43.2,1.9,5.4,35.1,2.1,2.3,88.2,0.3,1.5,1.8,1.9,1.0,0.5,0.2,1.7,18.1,0.0,0.0,0.6
312,Bol Bol,2435976.0,bol,bol,Bol Bol,DEN,21,32,21,11,5.0,2.2,0.8,1.8,43.1,0.3,0.8,37.5,0.3,0.5,66.7,0.0,0.8,0.8,0.2,0.4,0.1,0.3,0.4,4.2,0.0,0.0,-2.5
313,Keldon Johnson,2423904.0,keldon,johnson,Keldon Johnson,SAS,21,69,32,37,28.5,12.8,4.9,10.2,47.9,0.9,2.6,33.1,2.1,2.8,74.0,1.3,4.6,6.0,1.8,1.1,0.6,0.3,2.1,24.2,8.0,0.0,-2.5
314,Payton Pritchard,2409418.0,payton,pritchard,Payton Pritchard,BOS,23,66,33,33,19.2,7.7,2.8,6.3,44.0,1.5,3.8,41.1,0.6,0.7,88.9,0.5,1.9,2.4,1.8,0.8,0.6,0.1,1.6,14.6,0.0,0.0,0.6
315,Robert Williams,2402459.0,robert,williams,Robert Williams III,BOS,23,52,29,23,18.9,8.0,3.6,5.0,72.1,0.0,0.0,0.0,0.9,1.4,61.6,2.6,4.3,6.9,1.8,1.0,0.8,1.8,2.0,25.7,4.0,0.0,0.2
316,Tyler Johnson,2400890.0,tyler,johnson,Tyler Johnson,BKN,29,39,29,10,17.5,5.4,1.8,4.7,39.3,1.2,3.4,36.4,0.5,0.5,85.7,0.2,1.8,2.0,1.2,0.4,0.4,0.0,1.1,10.2,0.0,0.0,1.2
317,Bruno Caboclo,2400890.0,bruno,caboclo,Bruno Caboclo,HOU,25,6,1,5,6.1,2.8,1.3,2.8,47.1,0.0,0.8,0.0,0.2,0.3,50.0,0.5,1.8,2.3,0.2,0.7,0.0,0.3,1.0,6.2,0.0,0.0,0.0
318,Langston Galloway,2400890.0,langston,galloway,Langston Galloway,PHX,29,40,29,11,10.9,4.8,1.7,3.7,44.9,0.9,2.1,42.4,0.6,0.6,95.7,0.2,0.9,1.1,0.7,0.3,0.2,0.0,0.6,7.3,0.0,0.0,0.9
319,Gary Clark,2388893.0,gary,clark,Gary Clark,PHI,26,39,12,27,16.8,3.1,1.0,3.4,30.3,0.8,2.8,28.7,0.2,0.3,80.0,0.8,2.1,2.9,0.8,0.4,0.3,0.2,0.9,8.9,0.0,0.0,-2.8
320,Damyean Dotson,2367048.0,damyean,dotson,Damyean Dotson,CLE,27,46,14,32,19.7,6.7,2.6,6.4,40.6,1.0,3.5,28.9,0.5,0.8,66.7,0.1,1.9,2.0,2.0,0.9,0.3,0.1,0.9,12.5,0.0,0.0,-4.7
321,Kenrich Williams,2367048.0,kenrich,williams,Kenrich Williams,OKC,26,66,21,45,21.6,8.0,3.3,6.2,53.3,0.8,1.8,44.4,0.5,1.0,57.1,1.3,2.9,4.1,2.3,1.2,0.8,0.3,2.2,18.5,0.0,0.0,-2.7
322,Theo Maledon,2367048.0,theo,maledon,Theo Maledon,OKC,20,65,20,45,27.3,10.1,3.5,9.4,36.8,1.6,4.8,33.5,1.6,2.1,74.8,0.4,2.9,3.2,3.5,2.2,0.9,0.2,1.9,20.2,1.0,0.0,-9.6
323,Quinn Cook,2345329.0,quinn,cook,Quinn Cook,CLE,28,23,13,10,6.8,3.3,1.3,3.0,42.6,0.5,1.1,42.3,0.3,0.3,87.5,0.1,0.7,0.7,0.8,0.3,0.2,0.0,0.4,5.7,0.0,0.0,-0.4
324,Cameron Payne,2339840.0,cameron,payne,Cameron Payne,PHX,26,60,42,18,18.0,8.4,3.2,6.6,48.4,1.2,2.8,44.0,0.8,0.9,89.3,0.3,2.1,2.4,3.6,1.0,0.6,0.3,1.6,18.3,1.0,0.0,3.0
325,Udoka Azubuike,2339827.0,udoka,azubuike,Udoka Azubuike,UTA,21,15,13,2,3.8,1.1,0.3,0.6,44.4,0.0,0.0,0.0,0.5,0.7,80.0,0.3,0.6,0.9,0.0,0.2,0.1,0.3,0.6,2.9,0.0,0.0,-4.3
326,Jaden McDaniels,2325341.0,jaden,mcdaniels,Jaden McDaniels,MIN,20,63,18,45,24.0,6.8,2.6,5.8,44.7,1.1,3.1,36.4,0.4,0.7,60.0,0.8,2.9,3.7,1.1,0.7,0.6,1.0,2.7,16.7,0.0,0.0,-1.6
327,Malachi Flynn,2308582.0,malachi,flynn,Malachi Flynn,TOR,23,47,21,26,19.7,7.5,2.7,7.2,37.4,1.1,3.6,32.1,1.0,1.2,80.4,0.2,2.3,2.5,2.9,0.9,0.8,0.1,1.4,16.8,1.0,0.0,-2.1
328,Desmond Bane,2291823.0,desmond,bane,Desmond Bane,MEM,23,68,36,32,22.3,9.2,3.4,7.3,46.9,1.7,4.0,43.2,0.6,0.7,81.6,0.5,2.6,3.1,1.7,0.9,0.6,0.2,1.8,17.1,0.0,0.0,0.2
329,Jontay Porter,2248696.0,jontay,porter,Jontay Porter,MEM,21,11,7,4,4.9,2.0,0.7,1.4,53.3,0.3,0.7,37.5,0.3,0.5,60.0,0.4,0.9,1.3,0.1,0.6,0.3,0.1,1.1,4.1,0.0,0.0,0.1
330,Jahlil Okafor,2228418.0,jahlil,okafor,Jahlil Okafor,DET,25,27,5,22,12.9,5.4,2.3,3.8,61.8,0.1,0.3,22.2,0.6,0.9,70.8,0.9,1.6,2.4,0.5,0.8,0.2,0.2,1.4,9.5,0.0,0.0,-3.1
331,JaKarr Sampson,2228418.0,jakarr,sampson,JaKarr Sampson,IND,28,29,14,15,10.9,4.6,1.9,3.9,49.6,0.1,0.5,20.0,0.7,1.0,65.5,0.9,1.7,2.7,0.1,0.5,0.1,0.5,1.8,9.2,0.0,0.0,0.1
332,Raul Neto,2228418.0,raul,neto,Raul Neto,WAS,29,64,30,34,21.9,8.7,3.3,7.0,46.8,1.0,2.6,39.0,1.2,1.3,88.2,0.4,2.0,2.4,2.3,0.8,1.1,0.1,1.7,17.9,0.0,0.0,-0.3
333,David Nwaba,2158751.0,david,nwaba,David Nwaba,HOU,28,30,8,22,22.6,9.2,3.5,7.3,48.6,0.6,2.1,27.0,1.6,2.3,69.1,1.3,2.6,3.9,1.0,0.6,1.0,0.7,2.0,20.0,1.0,0.0,-0.9
334,Marquese Chriss,2158751.0,marquese,chriss,Marquese Chriss,GSW,23,2,0,2,13.4,6.5,2.5,7.0,35.7,0.5,2.5,20.0,1.0,2.0,50.0,1.5,5.0,6.5,1.0,1.0,0.0,1.0,1.5,17.8,0.0,0.0,-12.5
335,Georges Niang,2110882.0,georges,niang,Georges Niang,UTA,28,72,52,20,16.0,6.9,2.5,5.6,43.7,1.7,4.1,42.5,0.3,0.3,95.7,0.4,2.1,2.4,0.8,0.7,0.3,0.1,1.6,11.8,1.0,0.0,4.9
336,Rodions Kurucs,2106853.0,rodions,kurucs,Rodions Kurucs,MIL,23,21,10,11,5.9,1.5,0.5,1.5,34.4,0.3,1.0,28.6,0.1,0.2,75.0,0.2,0.9,1.1,0.5,0.6,0.4,0.2,0.8,4.7,0.0,0.0,-0.1
337,PJ Dozier,2086311.0,pj,dozier,PJ Dozier,DEN,24,50,36,14,21.8,7.7,3.0,7.1,41.7,0.9,3.0,31.5,0.8,1.3,63.6,0.7,2.9,3.6,1.8,0.9,0.6,0.4,1.7,17.1,0.0,0.0,3.9
338,Damion Lee,2086311.0,damion,lee,Damion Lee,GSW,28,57,28,29,18.9,6.5,2.2,4.8,46.7,1.4,3.4,39.7,0.7,0.8,90.9,0.4,2.8,3.2,1.3,0.5,0.7,0.1,1.6,14.1,0.0,0.0,0.7
339,Alfonzo McKinnie,2086311.0,alfonzo,mckinnie,Alfonzo McKinnie,LAL,28,39,22,17,6.6,3.1,1.2,2.4,51.6,0.4,1.0,41.0,0.3,0.5,55.6,0.6,0.8,1.4,0.2,0.1,0.2,0.0,0.7,5.4,0.0,0.0,0.2
340,Furkan Korkmaz,2086311.0,furkan,korkmaz,Furkan Korkmaz,PHI,23,55,39,16,19.3,9.1,3.1,7.7,40.1,1.8,4.9,37.5,1.1,1.5,73.2,0.3,1.7,2.1,1.5,0.8,0.9,0.2,1.2,16.1,0.0,0.0,2.6
341,Semi Ojeleye,2074658.0,semi,ojeleye,Semi Ojeleye,BOS,26,56,28,28,17.0,4.6,1.6,3.9,40.3,1.0,2.8,36.7,0.4,0.6,75.0,0.6,2.1,2.6,0.7,0.4,0.3,0.0,1.0,9.3,0.0,0.0,0.1
342,Abdel Nader,2074658.0,abdel,nader,Abdel Nader,PHX,27,24,16,8,14.8,6.7,2.4,4.8,49.1,0.8,1.8,41.9,1.2,1.5,75.7,0.3,2.3,2.6,0.8,0.8,0.4,0.4,1.4,12.5,0.0,0.0,1.2
343,Thon Maker,2055953.0,thon,maker,Thon Maker,CLE,24,8,3,5,9.6,3.8,1.3,2.3,55.6,0.0,0.3,0.0,1.3,1.4,90.9,1.0,1.3,2.3,0.5,0.4,0.3,0.5,0.9,9.1,0.0,0.0,-2.3
344,Willy Hernangomez,2055953.0,willy,hernangomez,Willy Hernangomez,NOP,27,47,20,27,18.0,7.8,3.2,5.7,56.3,0.0,0.2,10.0,1.3,2.0,66.7,2.5,4.6,7.1,1.1,0.7,0.5,0.5,1.4,20.0,11.0,0.0,-0.3
345,Frank Kaminsky,2055953.0,frank,kaminsky,Frank Kaminsky,PHX,28,47,33,14,15.2,6.6,2.6,5.5,47.1,0.7,1.8,36.5,0.8,1.3,61.7,0.8,3.2,4.0,1.7,0.5,0.3,0.4,1.5,15.4,2.0,0.0,1.2
346,Monte Morris,2040049.0,monte,morris,Monte Morris,DEN,26,47,30,17,25.5,10.2,4.0,8.2,48.1,1.1,2.9,38.1,1.2,1.6,79.5,0.2,1.8,2.0,3.2,0.7,0.7,0.3,1.0,19.7,0.0,0.0,3.3
347,Kevin Porter,2033272.0,kevin,porter,Kevin Porter Jr.,HOU,21,26,4,22,32.1,16.6,6.0,14.1,42.5,1.9,6.2,31.1,2.7,3.6,73.4,0.8,3.0,3.8,6.3,3.5,0.7,0.3,2.3,30.2,4.0,0.0,-8.6
348,Brandon Goodwin,2013876.0,brandon,goodwin,Brandon Goodwin,ATL,25,47,25,22,13.2,4.9,1.8,4.7,37.7,0.7,2.2,31.1,0.6,0.9,65.1,0.2,1.3,1.5,2.0,0.8,0.4,0.0,0.9,10.0,0.0,0.0,-1.3
349,Thanasis Antetokounmpo,2013876.0,thanasis,antetokounmpo,Thanasis Antetokounmpo,MIL,28,57,37,20,9.7,2.9,1.2,2.4,48.9,0.1,0.5,24.1,0.4,0.9,51.0,0.9,1.2,2.2,0.8,0.8,0.4,0.2,1.3,7.7,1.0,0.0,-0.2
350,Shake Milton,2013876.0,shake,milton,Shake Milton,PHI,24,63,46,17,23.2,13.0,4.8,10.6,45.0,1.1,3.2,35.0,2.3,2.8,83.0,0.5,1.8,2.3,3.1,1.6,0.6,0.3,2.1,21.5,0.0,0.0,2.1
351,Ignas Brazdeikis,1995794.0,ignas,brazdeikis,Ignas Brazdeikis,ORL,22,13,3,10,19.1,7.0,2.7,6.4,42.2,0.8,2.2,39.3,0.8,1.1,71.4,0.8,2.6,3.5,1.3,0.9,0.3,0.2,1.7,13.8,0.0,0.0,-2.1
352,Sterling Brown,1986964.0,sterling,brown,Sterling Brown,HOU,26,51,14,37,24.1,8.2,2.9,6.6,44.8,1.8,4.2,42.3,0.5,0.6,80.6,0.7,3.6,4.4,1.4,0.8,0.7,0.2,1.9,17.7,2.0,0.0,-3.0
353,Dwayne Bacon,1986964.0,dwayne,bacon,Dwayne Bacon,ORL,25,72,21,51,25.7,10.9,4.1,10.1,40.2,0.8,2.9,28.5,2.0,2.4,82.4,0.4,2.7,3.1,1.3,0.6,0.6,0.1,1.4,18.1,0.0,0.0,-6.2
354,Torrey Craig,1986964.0,torrey,craig,Torrey Craig,PHX,30,50,33,17,16.1,5.5,2.2,4.5,48.0,0.8,2.1,36.8,0.3,0.4,77.3,1.1,2.8,3.9,1.0,0.5,0.6,0.5,1.7,14.5,2.0,0.0,-1.9
355,Bruce Brown,1969219.0,bruce,brown,Bruce Brown,BKN,24,65,45,20,22.3,8.8,3.6,6.5,55.6,0.3,0.9,28.8,1.3,1.8,73.5,1.7,3.7,5.4,1.6,0.8,0.9,0.4,2.2,20.8,6.0,0.0,1.1
356,Jalen Brunson,1969219.0,jalen,brunson,Jalen Brunson,DAL,24,68,40,28,25.0,12.6,4.8,9.2,52.3,1.2,2.9,40.5,1.8,2.2,79.5,0.4,3.0,3.4,3.5,1.2,0.5,0.0,1.6,22.4,1.0,0.0,2.4
357,Hamidou Diallo,1969219.0,hamidou,diallo,Hamidou Diallo,DET,22,52,18,34,23.6,11.6,4.3,9.0,47.7,0.5,1.6,34.1,2.5,3.8,64.0,1.1,4.1,5.2,1.9,1.5,0.8,0.5,2.6,23.1,7.0,0.0,-3.7
358,Duncan Robinson,1969219.0,duncan,robinson,Duncan Robinson,MIA,27,72,40,32,31.4,13.1,4.4,10.0,43.9,3.5,8.5,40.8,0.9,1.0,82.7,0.1,3.4,3.5,1.8,1.1,0.6,0.3,2.5,21.4,1.0,0.0,1.6
359,Kendrick Nunn,1969219.0,kendrick,nunn,Kendrick Nunn,MIA,25,56,31,25,29.5,14.6,5.7,11.8,48.5,2.2,5.7,38.1,1.0,1.1,93.3,0.4,2.8,3.2,2.6,1.4,0.9,0.3,1.9,24.5,0.0,0.0,-0.1
360,Jarred Vanderbilt,1969219.0,jarred,vanderbilt,Jarred Vanderbilt,MIN,22,64,18,46,17.8,5.4,2.2,3.7,60.6,0.0,0.1,20.0,0.9,1.6,55.9,1.8,3.9,5.8,1.2,0.8,1.0,0.7,1.9,18.4,3.0,0.0,-0.8
361,Mitchell Robinson,1969219.0,mitchell,robinson,Mitchell Robinson,NYK,23,31,15,16,27.5,8.3,3.7,5.7,65.3,0.0,0.0,0.0,0.8,1.7,49.1,3.6,4.5,8.1,0.5,0.8,1.1,1.5,2.8,25.7,5.0,0.0,-0.5
362,Gary Trent Jr,1969219.0,gary,trent,Gary Trent Jr.,TOR,22,58,29,29,31.1,15.3,5.5,13.5,40.8,2.8,7.4,38.5,1.4,1.8,78.3,0.5,2.2,2.6,1.4,0.7,1.0,0.2,1.6,23.2,0.0,0.0,-1.0
363,Isaac Bonga,1969219.0,isaac,bonga,Isaac Bonga,WAS,21,40,16,24,10.8,2.0,0.8,2.0,37.0,0.3,1.2,27.7,0.1,0.2,62.5,0.5,1.2,1.7,0.6,0.6,0.3,0.2,1.6,5.7,0.0,0.0,-0.9
364,Isaiah Hartenstein,1917976.0,isaiah,hartenstein,Isaiah Hartenstein,CLE,23,46,20,26,12.1,5.1,2.0,3.7,55.0,0.0,0.1,33.3,1.0,1.5,64.8,1.4,2.5,3.9,1.2,1.0,0.4,0.8,2.3,14.5,1.0,0.0,0.0
365,Wenyen Gabriel,1917976.0,wenyen,gabriel,Wenyen Gabriel,NOP,24,21,9,12,11.5,3.4,1.1,2.9,40.0,0.6,1.5,40.6,0.5,0.8,64.7,1.0,1.6,2.6,0.5,0.7,0.4,0.4,1.5,9.0,0.0,0.0,0.1
366,Harry Giles,1917976.0,harry,giles,Harry Giles III,POR,23,38,23,15,9.2,2.8,1.1,2.6,43.3,0.2,0.6,34.8,0.4,0.7,59.3,0.8,2.7,3.5,0.8,0.5,0.2,0.3,1.4,9.3,0.0,0.0,-2.1
367,Drew Eubanks,1917976.0,drew,eubanks,Drew Eubanks,SAS,24,54,21,33,14.0,5.8,2.1,3.8,56.6,0.0,0.0,100.0,1.4,2.0,72.6,1.4,3.1,4.5,0.8,0.8,0.3,0.9,1.6,15.2,3.0,0.0,-1.8
368,Bruno Fernando,1796567.0,bruno,fernando,Bruno Fernando,ATL,22,33,20,13,6.8,1.5,0.5,1.3,40.9,0.0,0.1,0.0,0.5,0.7,68.2,0.5,1.9,2.4,0.3,0.6,0.1,0.1,0.7,4.8,0.0,0.0,-0.7
369,Carsen Edwards,1796567.0,carsen,edwards,Carsen Edwards,BOS,23,31,14,17,8.9,4.0,1.5,3.6,42.3,0.6,2.0,28.6,0.4,0.4,84.6,0.1,0.7,0.8,0.5,0.2,0.2,0.0,0.8,6.2,0.0,0.0,-0.8
370,Cody Martin,1796567.0,cody,martin,Cody Martin,CHA,25,52,26,26,16.3,4.0,1.6,3.6,44.1,0.3,1.1,27.6,0.5,0.8,58.1,1.0,2.1,3.1,1.7,0.8,0.7,0.2,1.0,12.2,1.0,0.0,-0.1
371,Caleb Martin,1796567.0,caleb,martin,Caleb Martin,CHA,25,53,23,30,15.4,5.0,1.8,4.8,37.5,0.6,2.4,24.8,0.8,1.2,64.1,0.6,2.1,2.7,1.3,0.6,0.7,0.2,1.2,12.2,1.0,0.0,-1.9
372,Jalen McDaniels,1796567.0,jalen,mcdaniels,Jalen McDaniels,CHA,23,47,18,29,19.2,7.4,2.8,6.0,46.8,0.7,2.2,33.3,1.0,1.4,70.3,1.0,2.6,3.6,1.1,1.0,0.6,0.4,2.0,15.4,2.0,0.0,-3.8
373,Javonte Green,1796567.0,javonte,green,Javonte Green,CHI,27,41,19,22,11.6,3.6,1.3,2.5,52.0,0.2,0.7,33.3,0.7,1.0,75.0,0.6,1.1,1.7,0.4,0.5,0.7,0.1,1.1,8.3,0.0,0.0,0.4
374,Dean Wade,1796567.0,dean,wade,Dean Wade,CLE,24,63,19,44,19.2,6.0,2.1,4.9,43.1,1.2,3.4,36.6,0.5,0.6,76.9,0.6,2.8,3.4,1.2,0.5,0.6,0.3,1.2,14.0,1.0,0.0,-3.5
375,Vlatko Cancar,1796567.0,vlatko,cancar,Vlatko Cancar,DEN,24,41,28,13,6.9,2.1,0.8,1.8,45.8,0.2,0.8,27.3,0.2,0.3,76.9,0.3,1.0,1.2,0.3,0.3,0.3,0.0,0.4,4.7,0.0,0.0,-2.5
376,Eric Paschall,1796567.0,eric,paschall,Eric Paschall,GSW,24,40,20,20,17.4,9.5,3.7,7.5,49.7,0.5,1.4,33.3,1.7,2.4,71.3,0.7,2.5,3.2,1.3,1.1,0.3,0.2,1.7,15.6,0.0,0.0,-2.8
377,Alen Smailagic,1796567.0,alen,smailagic,Alen Smailagic,GSW,20,15,10,5,5.6,1.9,0.7,1.8,40.7,0.3,0.7,40.0,0.1,0.4,33.3,0.4,0.7,1.1,0.3,0.3,0.2,0.3,0.7,4.8,0.0,0.0,-2.1
378,Mychal Mulder,1796567.0,mychal,mulder,Mychal Mulder,GSW,27,60,33,27,12.8,5.6,2.0,4.4,44.9,1.4,3.6,39.7,0.2,0.4,63.6,0.1,0.9,1.0,0.4,0.3,0.2,0.2,0.9,8.4,0.0,0.0,1.1
379,Jalen Lecque,1796567.0,jalen,lecque,Jalen Lecque,IND,21,4,2,2,3.0,1.3,0.3,2.3,11.1,0.0,0.3,0.0,0.8,0.8,100.0,0.5,0.8,1.3,0.5,0.0,0.0,0.0,0.0,3.5,0.0,0.0,-1.0
380,Terance Mann,1796567.0,terance,mann,Terance Mann,LAC,24,67,45,22,18.9,7.0,2.7,5.2,50.9,0.6,1.4,41.8,1.2,1.4,83.0,0.8,2.8,3.6,1.6,0.6,0.4,0.2,1.9,15.0,2.0,0.0,0.5
381,Talen Horton-Tucker,1796567.0,talen,horton-tucker,Talen Horton-Tucker,LAL,20,65,39,26,20.1,9.0,3.4,7.5,45.8,0.6,2.0,28.2,1.5,2.0,77.5,0.4,2.2,2.6,2.8,1.6,1.0,0.3,2.0,18.6,4.0,0.0,0.2
382,KZ Okpala,1796567.0,kz,okpala,KZ Okpala,MIA,22,37,22,15,12.1,2.5,1.0,2.6,37.5,0.3,1.4,24.0,0.2,0.4,53.3,0.6,1.3,1.8,0.5,0.4,0.3,0.3,1.6,6.8,0.0,0.0,-1.8
383,Naz Reid,1796567.0,naz,reid,Naz Reid,MIN,21,70,22,48,19.2,11.2,4.3,8.3,52.3,0.9,2.5,35.1,1.6,2.4,69.3,1.2,3.4,4.6,1.0,1.0,0.5,1.1,2.6,22.0,1.0,0.0,-4.2
384,Jaylen Nowell,1796567.0,jaylen,nowell,Jaylen Nowell,MIN,21,42,10,32,18.1,9.0,3.4,8.0,42.4,1.2,3.6,33.3,1.1,1.3,81.8,0.5,1.8,2.3,1.5,0.7,0.5,0.3,1.7,15.7,0.0,0.0,-2.4
385,Luguentz Dort,1796567.0,luguentz,dort,Luguentz Dort,OKC,22,52,18,34,29.7,14.0,4.8,12.3,38.7,2.2,6.3,34.3,2.3,3.2,74.4,0.7,2.9,3.6,1.7,1.5,0.9,0.4,2.6,23.1,0.0,0.0,-4.8
386,Isaiah Roby,1796567.0,isaiah,roby,Isaiah Roby,OKC,23,61,19,42,23.4,8.7,3.4,7.0,48.3,0.5,1.8,29.4,1.4,1.9,74.4,1.5,4.1,5.6,1.8,1.9,0.9,0.6,2.7,20.6,3.0,0.0,-7.2
387,Justin James,1796567.0,justin,james,Justin James,SAC,24,36,15,21,8.6,3.9,1.4,3.1,46.8,0.4,1.1,36.8,0.6,1.0,58.3,0.3,0.6,0.8,0.6,0.4,0.2,0.1,0.6,6.3,0.0,0.0,-1.6
388,Terence Davis,1796567.0,terence,davis,Terence Davis,SAC,24,61,26,35,17.6,8.7,3.2,7.5,42.8,1.6,4.4,36.7,0.7,0.9,81.8,0.3,2.2,2.5,1.4,1.0,0.7,0.2,1.6,15.6,0.0,0.0,-1.1
389,Chris Silva,1796567.0,chris,silva,Chris Silva,SAC,24,15,8,7,6.2,2.1,0.7,1.1,62.5,0.1,0.1,100.0,0.7,1.0,73.3,0.5,1.3,1.8,0.4,0.7,0.1,0.4,1.6,5.6,0.0,0.0,-0.1
390,Miye Oni,1796567.0,miye,oni,Miye Oni,UTA,23,54,45,9,9.6,1.9,0.6,1.8,35.4,0.6,1.6,34.1,0.1,0.1,83.3,0.4,1.1,1.6,0.5,0.3,0.2,0.1,1.1,5.3,0.0,0.0,1.7
391,Juwan Morgan,1796567.0,juwan,morgan,Juwan Morgan,UTA,24,29,24,5,5.1,1.2,0.5,1.0,46.7,0.1,0.4,30.8,0.1,0.2,42.9,0.3,0.7,1.0,0.3,0.1,0.1,0.0,0.7,3.2,0.0,0.0,-3.7
392,Matt Thomas,1796567.0,matt,thomas,Matt Thomas,UTA,26,45,27,18,7.3,3.1,1.1,2.8,39.4,0.6,1.8,33.8,0.3,0.3,85.7,0.2,0.8,1.0,0.4,0.3,0.1,0.0,0.4,4.9,0.0,0.0,-1.5
393,Daniel Gafford,1796567.0,daniel,gafford,Daniel Gafford,WAS,22,54,31,23,14.7,7.0,2.9,4.2,68.4,0.0,0.0,0.0,1.3,2.0,66.7,1.7,2.5,4.3,0.5,0.8,0.5,1.4,1.8,17.8,2.0,0.0,0.9
394,Robert Woodard,1775286.0,robert,woodard,Robert Woodard II,SAC,21,13,3,10,3.5,1.5,0.6,1.5,40.0,0.1,0.5,16.7,0.2,0.6,37.5,0.3,0.9,1.2,0.2,0.1,0.0,0.2,0.3,3.9,0.0,0.0,0.8
395,Damian Jones,1760235.0,damian,jones,Damian Jones,SAC,26,39,24,15,14.0,4.7,1.8,2.6,68.0,0.0,0.1,20.0,1.1,1.5,72.4,0.9,2.2,3.1,0.7,0.7,0.3,0.7,2.0,11.9,1.0,0.0,-1.7
396,Jae'Sean Tate,1711017.0,jae'sean,tate,Jae'Sean Tate,HOU,25,70,17,53,29.2,11.3,4.5,8.9,50.6,0.9,2.8,30.8,1.5,2.1,69.4,1.9,3.5,5.3,2.5,1.4,1.2,0.5,3.2,25.4,3.0,0.0,-2.7
397,DaQuan Jeffries,1711017.0,daquan,jeffries,DaQuan Jeffries,SAS,23,31,6,25,15.9,4.1,1.6,3.9,41.7,0.6,2.2,29.9,0.2,0.3,87.5,0.6,1.7,2.3,0.7,0.5,0.5,0.3,1.5,9.9,0.0,0.0,-1.8
398,Kelan Martin,1711017.0,kelan,martin,Kelan Martin,IND,25,35,16,19,9.2,4.5,1.8,3.9,44.9,0.7,1.7,40.0,0.3,0.3,90.0,0.5,1.7,2.2,0.5,0.5,0.3,0.3,1.0,9.1,0.0,0.0,2.7
399,Paul Watson,1711017.0,paul,watson,Paul Watson,TOR,26,27,13,14,11.0,4.1,1.4,3.0,46.3,1.1,2.4,46.9,0.2,0.3,62.5,0.1,1.5,1.7,0.6,0.3,0.2,0.1,1.3,7.7,0.0,0.0,-0.1
400,Vernon Carey,1597757.0,vernon,carey,Vernon Carey Jr.,CHA,20,19,9,10,6.0,2.4,0.9,1.9,50.0,0.1,0.4,14.3,0.5,0.6,81.8,0.3,1.1,1.4,0.1,0.3,0.1,0.3,0.7,5.0,0.0,0.0,-0.6
401,Xavier Tillman,1538581.0,xavier,tillman,Xavier Tillman,MEM,22,59,31,28,18.4,6.6,2.8,5.1,55.9,0.4,1.1,33.8,0.6,0.9,64.2,1.3,3.1,4.3,1.3,0.8,0.7,0.6,2.0,16.9,2.0,0.0,0.6
402,Tyrell Terry,1526564.0,tyrell,terry,Tyrell Terry,DAL,20,11,2,9,5.1,1.0,0.5,1.5,31.3,0.0,0.6,0.0,0.1,0.3,33.3,0.0,0.5,0.5,0.5,0.2,0.5,0.0,0.2,3.7,0.0,0.0,0.0
403,Oshae Brissett,1485906.0,oshae,brissett,Oshae Brissett,IND,23,21,10,11,24.7,10.9,3.5,7.2,48.3,1.6,3.7,42.3,2.4,3.1,76.9,1.4,4.1,5.5,0.9,0.5,0.9,1.0,1.5,23.9,5.0,0.0,2.8
404,Moses Brown,1479405.0,moses,brown,Moses Brown,BOS,21,43,8,35,21.4,8.6,3.4,6.2,54.5,0.0,0.0,0.0,1.8,2.9,61.9,3.6,5.3,8.9,0.2,1.0,0.7,1.1,2.2,24.1,12.0,0.0,-8.4
405,Sindarius Thornwell,1462703.0,sindarius,thornwell,Sindarius Thornwell,ORL,26,21,7,14,10.3,2.0,0.7,2.2,32.6,0.3,1.1,30.4,0.2,0.4,50.0,0.1,0.7,0.9,1.0,0.3,0.6,0.1,0.7,6.3,0.0,0.0,-0.4
406,Ersan Ilyasova,1413769.0,ersan,ilyasova,Ersan Ilyasova,UTA,34,17,14,3,8.7,3.8,1.2,3.2,38.9,1.1,2.4,43.9,0.3,0.3,100.0,0.4,1.3,1.7,0.2,0.5,0.6,0.2,1.7,8.0,0.0,0.0,0.9
407,Glenn Robinson III,1379186.0,glenn,robinson,Glenn Robinson III,SAC,27,23,9,14,16.1,5.3,1.8,4.3,42.4,0.7,1.9,36.4,0.9,1.0,91.3,0.5,1.5,2.0,0.9,0.5,0.2,0.1,1.0,9.3,0.0,0.0,-5.7
408,Khyri Thomas,1256053.0,khyri,thomas,Khyri Thomas,HOU,25,5,1,4,30.6,16.4,6.4,13.2,48.5,1.8,5.4,33.3,1.8,1.8,100.0,1.4,2.2,3.6,5.0,1.2,1.8,1.2,1.6,36.0,0.0,0.0,2.8
409,Norvel Pelle,1201163.0,norvel,pelle,Norvel Pelle,NYK,28,13,8,5,6.4,1.5,0.6,1.2,53.3,0.0,0.0,0.0,0.3,0.5,66.7,0.5,1.0,1.5,0.2,0.2,0.1,0.7,1.1,5.6,0.0,0.0,1.8
410,Nick Richards,1183524.0,nick,richards,Nick Richards,CHA,23,18,9,9,3.5,0.8,0.2,0.5,44.4,0.0,0.1,0.0,0.4,0.6,63.6,0.2,0.4,0.6,0.1,0.2,0.0,0.0,0.4,1.6,0.0,0.0,-0.7
411,Lamar Stevens,1183524.0,lamar,stevens,Lamar Stevens,CLE,23,40,13,27,12.5,4.1,1.6,3.4,45.6,0.1,0.6,16.0,0.9,1.3,72.5,0.6,1.8,2.4,0.6,0.6,0.4,0.3,1.3,9.6,1.0,0.0,-2.9
412,Jahmi'us Ramsey,1183524.0,jahmi'us,ramsey,Jahmi'us Ramsey,SAC,20,13,5,8,7.3,3.1,1.2,2.9,39.5,0.4,1.5,26.3,0.4,0.4,100.0,0.2,0.6,0.8,0.5,0.2,0.3,0.1,0.6,5.6,0.0,0.0,0.2
413,Juan Toscano-Anderson,1117203.0,juan,toscano-anderson,Juan Toscano-Anderson,GSW,28,53,28,25,20.9,5.7,2.3,3.9,57.9,0.7,1.7,40.2,0.4,0.6,71.0,0.5,3.9,4.4,2.8,1.2,0.8,0.5,2.1,17.9,0.0,0.0,1.8
414,Shaquille Harrison,1082980.0,shaquille,harrison,Shaquille Harrison,DEN,27,34,27,7,9.8,2.1,0.8,2.3,33.3,0.1,0.5,18.8,0.5,0.6,81.8,0.2,1.2,1.4,0.7,0.3,0.5,0.1,1.0,6.6,0.0,0.0,-2.2
415,Chimezie Metu,1078066.0,chimezie,metu,Chimezie Metu,SAC,24,36,14,22,13.6,6.3,2.5,5.0,50.8,0.4,1.0,35.1,0.9,1.2,72.1,0.9,2.3,3.1,0.8,0.8,0.4,0.5,1.6,13.0,0.0,0.0,-1.6
416,Deividas Sirvydis,1063171.0,deividas,sirvydis,Deividas Sirvydis,DET,21,20,8,12,6.7,2.1,0.7,2.0,35.0,0.5,1.4,35.7,0.2,0.3,50.0,0.0,1.5,1.5,0.3,0.3,0.1,0.0,0.5,4.2,0.0,0.0,-1.2
417,KJ Martin,1063171.0,kj,martin,KJ Martin,HOU,20,45,10,35,23.7,9.3,3.6,7.1,50.9,0.8,2.1,36.5,1.3,1.9,71.4,1.6,3.8,5.4,1.1,0.8,0.7,0.9,2.0,21.3,4.0,0.0,-6.3
418,Daniel Oturu,1063171.0,daniel,oturu,Daniel Oturu,LAC,21,30,21,9,5.4,1.8,0.7,1.7,42.3,0.0,0.2,20.0,0.3,0.4,75.0,0.7,0.9,1.6,0.3,0.3,0.1,0.2,0.8,5.0,1.0,0.0,0.3
419,Jordan Nwora,1063171.0,jordan,nwora,Jordan Nwora,MIL,22,30,19,11,9.1,5.7,2.1,4.5,45.9,0.9,2.1,45.2,0.6,0.8,76.0,0.3,1.7,2.0,0.2,0.8,0.6,0.3,0.7,10.2,2.0,0.0,-0.1
420,Sam Merrill,1063171.0,sam,merrill,Sam Merrill,MIL,25,30,18,12,7.8,3.0,1.1,2.4,44.4,0.7,1.6,44.7,0.1,0.1,100.0,0.2,0.8,1.0,0.7,0.3,0.3,0.0,0.6,5.8,0.0,0.0,-1.3
421,Isaiah Joe,1063171.0,isaiah,joe,Isaiah Joe,PHI,21,41,22,19,9.3,3.7,1.2,3.2,36.1,1.0,2.6,36.8,0.4,0.6,75.0,0.1,0.7,0.9,0.5,0.3,0.3,0.1,0.8,6.4,0.0,0.0,0.0
422,CJ Elleby,1063171.0,cj,elleby,CJ Elleby,POR,21,30,19,11,6.4,2.3,0.8,2.2,37.9,0.2,1.1,20.6,0.4,0.5,73.3,0.4,0.7,1.1,0.3,0.2,0.2,0.1,0.9,4.8,0.0,0.0,-0.5
423,Tre Jones,1063171.0,tre,jones,Tre Jones,SAS,21,37,15,22,7.3,2.5,1.0,2.1,47.4,0.1,0.1,60.0,0.5,0.5,89.5,0.2,0.4,0.6,1.1,0.4,0.2,0.0,0.4,5.1,0.0,0.0,-2.2
424,Elijah Hughes,1063171.0,elijah,hughes,Elijah Hughes,UTA,23,18,14,4,3.5,1.7,0.6,1.7,33.3,0.4,1.3,34.8,0.2,0.2,75.0,0.1,0.4,0.5,0.3,0.3,0.1,0.1,0.1,2.8,0.0,0.0,-2.1
425,Anthony Gill,1063171.0,anthony,gill,Anthony Gill,WAS,28,26,11,15,8.4,3.1,1.2,2.3,50.0,0.3,0.9,29.2,0.5,0.6,81.3,0.6,1.3,2.0,0.4,0.3,0.4,0.2,1.0,7.4,0.0,0.0,-0.7
426,Iman Shumpert,950422.0,iman,shumpert,Iman Shumpert,BKN,31,2,1,1,5.5,1.0,0.5,2.0,25.0,0.0,1.5,0.0,0.0,0.0,0.0,0.5,0.0,0.5,0.0,0.5,0.5,0.0,0.0,2.6,0.0,0.0,-0.5
427,Theo Pinson,949401.0,theo,pinson,Theo Pinson,NYK,25,17,9,8,2.0,0.1,0.1,0.5,11.1,0.0,0.5,0.0,0.0,0.0,0.0,0.0,0.3,0.3,0.1,0.1,0.0,0.0,0.2,0.5,0.0,0.0,-0.9
428,Yuta Watanabe,873436.0,yuta,watanabe,Yuta Watanabe,TOR,26,50,24,26,14.5,4.4,1.6,3.6,43.9,0.7,1.8,40.0,0.5,0.6,82.8,0.7,2.5,3.2,0.8,0.4,0.5,0.4,1.1,11.7,0.0,0.0,-0.8
429,Tremont Waters,842998.0,tremont,waters,Tremont Waters,BOS,23,26,13,13,9.1,3.8,1.3,3.2,40.5,0.6,1.5,39.5,0.6,0.7,94.1,0.2,0.6,0.8,2.4,1.0,0.6,0.0,0.7,9.2,0.0,0.0,-0.4
430,Frank Jackson,827419.0,frank,jackson,Frank Jackson,DET,23,40,13,27,18.5,9.8,3.4,7.3,45.7,1.5,3.8,40.7,1.5,1.9,81.3,0.4,1.8,2.2,0.9,0.9,0.4,0.0,1.3,14.0,0.0,0.0,-0.3
431,Rayjon Tucker,821075.0,rayjon,tucker,Rayjon Tucker,PHI,23,14,8,6,4.9,2.4,0.6,1.3,50.0,0.1,0.5,28.6,1.0,1.4,73.7,0.1,0.7,0.8,0.4,0.3,0.1,0.0,0.6,4.2,0.0,0.0,-0.9
432,Tyler Cook,820348.0,tyler,cook,Tyler Cook,DET,23,32,11,21,13.7,4.9,2.2,3.2,67.0,0.0,0.1,50.0,0.5,1.1,48.6,0.9,2.1,3.0,0.5,0.7,0.3,0.1,1.1,9.5,0.0,0.0,-1.1
433,Garrison Mathews,814326.0,garrison,mathews,Garrison Mathews,WAS,24,64,32,32,16.2,5.5,1.5,3.7,40.9,1.2,3.1,38.4,1.3,1.5,88.4,0.3,1.1,1.4,0.4,0.2,0.5,0.1,1.7,9.3,0.0,0.0,-2.1
434,Gabe Vincent,782013.0,gabe,vincent,Gabe Vincent,MIA,25,50,27,23,13.1,4.8,1.8,4.7,37.8,0.9,3.0,30.9,0.4,0.5,87.0,0.2,0.9,1.1,1.3,0.7,0.4,0.0,1.6,8.9,1.0,0.0,-1.5
435,Tacko Fall,773934.0,tacko,fall,Tacko Fall,BOS,25,19,13,6,7.1,2.5,1.1,1.5,72.4,0.0,0.0,0.0,0.3,0.8,33.3,0.8,1.9,2.7,0.2,0.3,0.1,1.1,1.2,9.0,0.0,0.0,1.4
436,Max Strus,765856.0,max,strus,Max Strus,MIA,25,39,14,25,13.0,6.1,2.2,4.8,45.5,1.3,3.8,33.8,0.4,0.6,66.7,0.1,0.9,1.1,0.6,0.2,0.3,0.1,1.1,9.0,0.0,0.0,-1.0
437,Alize Johnson,735663.0,alize,johnson,Alize Johnson,BKN,25,18,10,8,10.5,5.2,2.2,3.8,58.8,0.1,0.3,16.7,0.7,0.7,100.0,1.5,3.5,5.0,0.8,0.5,0.3,0.3,0.9,13.6,2.0,0.0,-1.0
438,Anthony Tolliver,727675.0,anthony,tolliver,Anthony Tolliver,PHI,36,11,7,4,9.0,1.5,0.4,1.5,23.5,0.4,1.3,28.6,0.5,0.5,83.3,0.3,0.6,0.9,0.2,0.3,0.3,0.2,0.6,4.0,0.0,0.0,2.7
439,Paul Reed,720917.0,paul,reed,Paul Reed,PHI,22,26,17,9,6.8,3.4,1.6,3.0,53.8,0.0,0.2,0.0,0.2,0.3,50.0,1.2,1.2,2.3,0.5,0.5,0.4,0.5,1.1,9.1,1.0,0.0,1.4
440,Tim Frazier,707111.0,tim,frazier,Tim Frazier,MEM,30,5,5,0,12.4,1.6,0.6,4.0,15.0,0.0,1.6,0.0,0.4,1.2,33.3,0.0,1.6,1.6,3.2,0.8,0.4,0.2,1.4,9.3,0.0,0.0,1.0
441,Jordan Bell,701081.0,jordan,bell,Jordan Bell,GSW,26,6,3,3,13.6,2.5,1.2,3.7,31.8,0.0,0.3,0.0,0.2,0.3,50.0,1.2,2.8,4.0,1.2,0.7,0.5,0.8,1.2,12.4,0.0,0.0,-5.3
442,Amir Coffey,685073.0,amir,coffey,Amir Coffey,LAC,24,44,32,12,9.0,3.2,1.0,2.3,43.7,0.5,1.3,41.1,0.6,0.9,71.1,0.2,0.8,1.0,0.5,0.3,0.2,0.0,0.7,5.5,0.0,0.0,-0.6
443,Naji Marshall,637198.0,naji,marshall,Naji Marshall,NOP,23,32,14,18,21.9,7.7,2.6,6.5,39.2,0.9,2.6,34.9,1.7,2.3,70.7,0.5,4.2,4.6,2.8,1.2,0.8,0.3,1.8,19.6,3.0,0.0,-0.9
444,Kyle Guy,636603.0,kyle,guy,Kyle Guy,SAC,23,31,11,20,7.6,2.8,0.9,2.8,33.0,0.4,1.5,28.3,0.5,0.6,80.0,0.2,1.0,1.1,1.0,0.4,0.2,0.0,0.6,5.9,0.0,0.0,-0.5
445,Markus Howard,633533.0,markus,howard,Markus Howard,DEN,22,37,24,13,5.5,2.8,1.1,2.9,37.7,0.5,1.8,27.7,0.2,0.2,77.8,0.0,0.5,0.6,0.5,0.5,0.1,0.0,0.6,4.2,0.0,0.0,-1.9
446,Skylar Mays,629892.0,skylar,mays,Skylar Mays,ATL,23,33,19,14,8.2,3.8,1.3,3.0,44.9,0.4,1.2,35.0,0.7,0.8,88.0,0.3,0.8,1.1,0.9,0.3,0.4,0.1,0.5,7.6,0.0,0.0,0.4
447,Mamadi Diakite,626487.0,mamadi,diakite,Mamadi Diakite,MIL,24,14,7,7,10.1,3.1,1.1,2.9,40.0,0.1,0.6,12.5,0.8,1.0,78.6,0.6,1.9,2.4,0.6,0.2,0.4,0.4,1.1,9.1,0.0,0.0,0.6
448,Nathan Knight,618970.0,nathan,knight,Nathan Knight,ATL,23,33,21,12,8.4,3.8,1.1,3.0,37.0,0.2,1.0,18.2,1.3,1.7,80.0,0.8,1.4,2.2,0.2,0.5,0.3,0.3,0.7,8.0,1.0,0.0,-0.5
449,Jared Harper,616008.0,jared,harper,Jared Harper,NYK,23,8,5,3,2.0,0.4,0.0,0.5,0.0,0.0,0.1,0.0,0.4,0.5,75.0,0.0,0.3,0.3,0.1,0.4,0.0,0.0,0.1,0.5,0.0,0.0,-0.6
450,Saben Lee,611687.0,saben,lee,Saben Lee,DET,22,48,14,34,16.3,5.6,2.1,4.4,47.1,0.2,0.5,34.8,1.3,1.9,68.5,0.4,1.6,2.0,3.6,1.1,0.7,0.3,1.6,15.1,0.0,0.0,-1.9
451,Jarrell Brantley,604290.0,jarrell,brantley,Jarrell Brantley,UTA,25,28,23,5,4.9,2.3,0.9,1.9,48.1,0.4,1.0,42.9,0.1,0.1,100.0,0.3,0.6,1.0,0.5,0.3,0.3,0.1,0.6,4.9,0.0,0.0,-0.9
452,Jordan McLaughlin,596212.0,jordan,mclaughlin,Jordan McLaughlin,MIN,25,51,15,36,18.4,5.0,2.0,4.7,41.3,0.6,1.8,35.9,0.5,0.6,76.7,0.4,1.7,2.1,3.8,1.0,1.0,0.1,0.9,15.6,0.0,0.0,-2.6
453,Rondae Hollis-Jefferson,595261.0,rondae,hollis-jefferson,Rondae Hollis-Jefferson,POR,26,11,6,5,9.8,2.5,0.8,1.6,50.0,0.0,0.1,0.0,0.8,1.5,56.3,1.0,1.4,2.4,1.2,0.2,0.2,0.4,1.4,8.5,0.0,0.0,-0.6
454,Reggie Perry,578918.0,reggie,perry,Reggie Perry,BKN,21,26,18,8,8.1,3.0,1.2,3.0,41.0,0.2,0.8,19.0,0.4,0.5,76.9,1.0,1.8,2.8,0.5,0.6,0.2,0.2,1.5,8.0,1.0,0.0,-1.4
455,Cassius Stanley,557073.0,cassius,stanley,Cassius Stanley,IND,21,24,10,14,3.9,1.5,0.5,1.8,30.2,0.1,0.5,23.1,0.3,0.4,77.8,0.3,0.5,0.8,0.0,0.0,0.0,0.1,0.6,2.9,0.0,0.0,0.8
456,Trent Forrest,557073.0,trent,forrest,Trent Forrest,UTA,23,30,22,8,10.1,2.9,1.1,2.4,45.1,0.2,0.9,19.2,0.6,0.6,100.0,0.4,1.1,1.5,1.5,0.7,0.3,0.1,0.7,7.5,0.0,0.0,-1.6
457,Chris Chiozza,531538.0,chris,chiozza,Chris Chiozza,BKN,25,22,12,10,10.6,4.0,1.4,4.0,35.2,0.6,1.9,31.0,0.6,0.8,76.5,0.1,1.0,1.1,3.0,0.7,0.3,0.3,0.9,10.8,1.0,0.0,0.9
458,Grant Riller,531538.0,grant,riller,Grant Riller,CHA,24,7,2,5,3.9,2.6,1.1,1.7,66.7,0.3,0.6,50.0,0.0,0.0,0.0,0.0,0.1,0.1,0.4,0.1,0.1,0.0,0.0,3.7,0.0,0.0,-0.6
459,Nate Darling,531538.0,nate,darling,Nate Darling,CHA,22,7,3,4,3.7,1.3,0.3,1.0,28.6,0.3,1.0,28.6,0.4,0.4,100.0,0.1,0.0,0.1,0.1,0.1,0.0,0.1,0.1,2.0,0.0,0.0,-4.3
460,Devon Dotson,531538.0,devon,dotson,Devon Dotson,CHI,21,11,4,7,4.6,2.1,1.0,1.9,52.4,0.1,0.6,14.3,0.0,0.0,0.0,0.2,0.3,0.5,0.6,0.0,0.4,0.0,0.3,4.7,0.0,0.0,2.9
461,Adam Mokoka,531538.0,adam,mokoka,Adam Mokoka,CHI,22,14,3,11,4.0,1.1,0.5,1.4,36.8,0.1,0.7,10.0,0.0,0.1,0.0,0.1,0.3,0.4,0.4,0.4,0.1,0.1,0.4,2.3,0.0,0.0,-0.6
462,Marques Bolden,531538.0,marques,bolden,Marques Bolden,CLE,23,6,2,4,4.8,1.2,0.2,0.5,33.3,0.0,0.0,0.0,0.8,1.3,62.5,0.5,0.5,1.0,0.0,0.3,0.3,0.3,0.0,4.0,0.0,0.0,0.8
463,Tyler Bey,531538.0,tyler,bey,Tyler Bey,DAL,23,18,11,7,3.9,1.0,0.4,1.2,31.8,0.1,0.2,25.0,0.2,0.3,60.0,0.4,0.6,1.1,0.2,0.2,0.0,0.1,0.3,2.5,0.0,0.0,-2.1
464,Nate Hinton,531538.0,nate,hinton,Nate Hinton,DAL,22,21,11,10,4.4,2.0,0.7,2.0,35.7,0.2,0.9,21.1,0.3,0.5,70.0,0.0,0.4,0.4,0.4,0.2,0.3,0.1,0.4,4.1,0.0,0.0,-2.6
465,Nico Mannion,531538.0,nico,mannion,Nico Mannion,GSW,20,30,17,13,12.1,4.1,1.3,3.8,34.2,0.7,2.0,36.7,0.8,0.9,82.1,0.2,1.3,1.5,2.3,1.0,0.5,0.0,1.0,10.1,0.0,0.0,-2.5
466,Jay Scrubb,531538.0,jay,scrubb,Jay Scrubb,LAC,20,4,2,2,21.0,8.8,3.5,9.0,38.9,0.5,2.3,22.2,1.3,1.3,100.0,0.5,3.0,3.5,0.3,1.8,1.0,0.0,1.3,14.6,0.0,0.0,0.5
467,Kostas Antetokounmpo,531538.0,kostas,antetokounmpo,Kostas Antetokounmpo,LAL,23,15,6,9,3.7,0.8,0.2,0.7,30.0,0.0,0.0,0.0,0.4,0.9,46.2,0.3,1.0,1.3,0.1,0.7,0.1,0.3,0.5,2.9,0.0,0.0,1.8
468,Devontae Cacok,531538.0,devontae,cacok,Devontae Cacok,LAL,24,20,8,12,4.9,2.0,0.9,1.5,58.6,0.0,0.0,0.0,0.3,0.6,45.5,0.6,1.0,1.6,0.1,0.3,0.3,0.2,0.4,5.0,0.0,0.0,2.1
469,Killian Tillie,531538.0,killian,tillie,Killian Tillie,MEM,23,18,11,7,10.1,3.2,1.1,3.2,33.3,0.6,1.8,30.3,0.5,0.6,81.8,0.3,1.0,1.3,0.4,0.1,0.3,0.4,1.1,7.5,0.0,0.0,2.2
470,Sean McDermott,531538.0,sean,mcdermott,Sean McDermott,MEM,24,18,10,8,8.8,2.2,0.7,1.8,39.4,0.3,1.2,22.7,0.4,0.4,100.0,0.3,0.7,1.1,0.2,0.2,0.1,0.2,0.4,4.4,0.0,0.0,-3.2
471,Jaylen Adams,531538.0,jaylen,adams,Jaylen Adams,MIL,25,7,5,2,2.6,0.3,0.1,1.1,12.5,0.0,0.3,0.0,0.0,0.0,0.0,0.0,0.4,0.4,0.3,0.0,0.0,0.0,0.1,1.2,0.0,0.0,-1.7
472,Josh Hall,531538.0,josh,hall,Josh Hall,OKC,20,21,2,19,16.0,4.1,1.4,4.7,30.3,0.2,1.8,10.8,1.0,2.1,50.0,0.3,2.5,2.8,1.3,1.2,0.2,0.0,1.8,9.0,1.0,0.0,-4.8
473,Ty-Shon Alexander,531538.0,ty-shon,alexander,Ty-Shon Alexander,PHX,22,15,11,4,3.2,0.6,0.2,0.8,25.0,0.1,0.6,22.2,0.1,0.1,50.0,0.1,0.5,0.7,0.4,0.2,0.0,0.1,0.1,2.0,0.0,0.0,-0.5
474,Keljin Blevins,531538.0,keljin,blevins,Keljin Blevins,POR,25,17,11,6,4.4,0.7,0.3,1.2,25.0,0.1,0.5,25.0,0.0,0.0,0.0,0.2,0.4,0.6,0.2,0.3,0.1,0.0,0.5,1.8,0.0,0.0,-2.2
475,Quinndary Weatherspoon,531538.0,quinndary,weatherspoon,Quinndary Weatherspoon,SAS,24,20,8,12,6.1,2.3,0.8,1.8,45.7,0.1,0.3,16.7,0.7,0.8,81.3,0.2,0.4,0.6,0.4,0.5,0.4,0.1,0.9,4.6,0.0,0.0,-3.0
476,Keita Bates-Diop,531538.0,keita,bates-diop,Keita Bates-Diop,SAS,25,30,13,17,8.2,2.6,1.0,2.2,44.8,0.2,0.6,29.4,0.5,0.7,66.7,0.3,1.3,1.6,0.4,0.2,0.4,0.2,0.4,6.6,0.0,0.0,-1.2
477,Jalen Harris,531538.0,jalen,harris,Jalen Harris,TOR,22,13,3,10,13.2,7.4,2.8,5.5,50.0,1.3,2.8,47.2,0.5,0.7,77.8,0.2,1.2,1.4,1.3,1.1,0.6,0.0,1.2,11.8,0.0,0.0,-0.1
478,Cassius Winston,531538.0,cassius,winston,Cassius Winston,WAS,23,22,10,12,4.5,1.9,0.6,1.5,42.4,0.4,0.8,47.1,0.2,0.3,83.3,0.0,0.4,0.4,0.5,0.2,0.1,0.0,0.4,3.4,0.0,0.0,-2.2
479,Yogi Ferrell,525661.0,yogi,ferrell,Yogi Ferrell,LAC,28,10,4,6,13.7,5.6,2.0,5.7,35.1,0.9,2.8,32.1,0.7,0.9,77.8,0.5,1.4,1.9,2.2,0.3,0.7,0.3,1.1,13.9,0.0,0.0,-0.1
480,Noah Vonleh,506222.0,noah,vonleh,Noah Vonleh,BKN,25,4,3,1,2.7,0.0,0.0,0.8,0.0,0.0,0.5,0.0,0.0,0.0,0.0,0.0,0.3,0.3,0.3,0.5,0.0,0.0,0.5,0.2,0.0,0.0,-4.0
481,Mason Jones,502457.0,mason,jones,Mason Jones,PHI,22,32,10,22,10.5,5.3,1.6,3.8,42.3,0.8,2.1,36.4,1.3,2.0,62.5,0.2,1.5,1.7,1.3,0.9,0.2,0.0,0.8,9.1,0.0,0.0,-2.8
482,Brodric Thomas,487850.0,brodric,thomas,Brodric Thomas,CLE,24,32,6,26,12.5,3.9,1.2,3.4,36.1,0.5,1.8,27.1,1.0,1.4,67.4,0.3,1.4,1.7,0.9,0.7,0.5,0.3,1.3,9.0,0.0,0.0,-1.5
483,Andre Roberson,487184.0,andre,roberson,Andre Roberson,BKN,29,5,4,1,12.6,1.2,0.4,2.8,14.3,0.2,1.6,12.5,0.2,0.4,50.0,1.4,1.6,3.0,0.8,0.4,0.6,0.2,0.8,8.0,0.0,0.0,-3.8
484,Donta Hall,445331.0,donta,hall,Donta Hall,ORL,23,13,3,10,13.8,5.6,1.9,2.7,71.4,0.0,0.0,0.0,1.8,2.6,67.6,1.8,2.9,4.8,0.8,0.6,0.4,0.8,1.4,15.5,1.0,0.0,-1.5
485,Brian Bowen,444201.0,brian,bowen,Brian Bowen II,IND,22,6,1,5,2.5,0.5,0.2,0.7,25.0,0.0,0.2,0.0,0.2,0.2,100.0,0.0,0.5,0.5,0.0,0.0,0.0,0.0,0.2,1.1,0.0,0.0,0.5
486,Anzejs Pasecniks,442989.0,anzejs,pasecniks,Anzejs Pasecniks,WAS,25,1,1,0,6.3,0.0,0.0,1.0,0.0,0.0,1.0,0.0,0.0,0.0,0.0,1.0,0.0,1.0,1.0,5.0,0.0,0.0,2.0,-2.3,0.0,0.0,-13.0
487,Freddie Gillespie,429637.0,freddie,gillespie,Freddie Gillespie,TOR,24,20,7,13,19.6,5.6,2.2,4.2,52.4,0.0,0.0,0.0,1.2,1.7,69.7,2.1,2.8,4.9,0.5,0.6,0.7,1.0,2.2,16.4,0.0,0.0,-3.9
488,Karim Mane,407791.0,karim,mane,Karim Mane,ORL,21,10,2,8,8.8,1.1,0.3,1.3,23.1,0.1,0.2,50.0,0.4,0.5,80.0,0.1,1.3,1.4,0.4,0.3,0.0,0.2,1.0,3.7,0.0,0.0,-2.2
489,Will Magnay,404151.0,will,magnay,Will Magnay,NOP,23,1,1,0,3.3,0.0,0.0,1.0,0.0,0.0,1.0,0.0,0.0,0.0,0.0,0.0,0.0,0.0,0.0,1.0,0.0,0.0,1.0,-1.0,0.0,0.0,-10.0
490,Greg Whittington,393228.0,greg,whittington,Greg Whittington,DEN,28,4,3,1,3.0,0.0,0.0,0.8,0.0,0.0,0.5,0.0,0.0,0.0,0.0,0.0,0.0,0.0,0.0,0.0,0.0,0.0,0.0,0.0,0.0,0.0,2.3
491,Chasson Randle,331300.0,chasson,randle,Chasson Randle,ORL,28,41,10,31,20.4,6.5,2.2,5.8,38.8,1.1,3.2,33.8,0.9,1.2,79.2,0.2,1.8,2.0,1.8,1.1,0.5,0.1,1.6,12.4,0.0,0.0,-6.5
492,Justin Patton,316738.0,justin,patton,Justin Patton,HOU,24,13,1,12,19.0,5.4,2.2,5.4,41.4,0.7,2.6,26.5,0.2,0.3,75.0,1.1,2.7,3.8,1.1,0.3,0.9,1.1,2.6,17.2,0.0,0.0,-6.2
493,Gary Payton II,295720.0,gary,payton,Gary Payton II,GSW,28,10,7,3,4.0,2.5,1.0,1.3,76.9,0.2,0.4,50.0,0.3,0.4,75.0,0.2,0.9,1.1,0.1,0.1,0.6,0.1,0.8,6.0,0.0,0.0,0.1
494,Mike James,281262.0,mike,james,Mike James,BKN,30,13,9,4,18.2,7.7,2.6,7.1,37.0,0.8,2.4,35.5,1.6,2.1,77.8,0.2,2.2,2.5,4.2,1.5,0.5,0.1,0.8,17.0,0.0,0.0,1.5
495,Charlie Brown,257823.0,charlie,brown,Charlie Brown Jr.,OKC,24,9,1,8,16.9,4.4,1.4,4.8,30.2,0.6,2.3,23.8,1.0,1.1,90.0,0.3,1.6,1.9,1.0,0.7,0.4,0.2,2.1,9.5,0.0,0.0,-4.8
496,Anthony Lamb,254848.0,anthony,lamb,Anthony Lamb,HOU,23,24,3,21,17.3,5.5,1.9,4.9,39.0,1.0,3.0,32.4,0.8,0.9,85.7,1.1,1.8,2.9,1.0,0.8,0.3,0.2,1.4,11.1,0.0,0.0,-3.7
497,Justin Robinson,234385.0,justin,robinson,Justin Robinson,OKC,23,9,0,9,9.7,2.3,0.8,2.3,33.3,0.4,1.6,28.6,0.3,0.6,60.0,0.1,0.7,0.8,1.0,0.2,0.3,0.0,1.1,5.5,0.0,0.0,-5.0
498,Axel Toupane,233002.0,axel,toupane,Axel Toupane,MIL,28,8,2,6,7.7,1.8,0.5,1.4,36.4,0.1,0.3,50.0,0.6,0.9,71.4,0.0,0.8,0.8,0.5,0.0,0.3,0.4,0.8,5.3,0.0,0.0,-0.4
499,Henry Ellenson,199995.0,henry,ellenson,Henry Ellenson,TOR,24,2,0,2,19.2,7.5,2.5,7.0,35.7,1.0,4.5,22.2,1.5,2.0,75.0,1.5,4.5,6.0,2.5,0.0,0.0,0.0,3.5,18.5,0.0,0.0,3.5
500,Ashton Hagans,196596.0,ashton,hagans,Ashton Hagans,MIN,21,2,0,2,2.0,0.0,0.0,0.0,0.0,0.0,0.0,0.0,0.0,0.0,0.0,0.0,0.0,0.0,0.0,0.5,0.0,0.0,0.0,-0.5,0.0,0.0,-1.5
501,Isaiah Thomas,189006.0,isaiah,thomas,Isaiah Thomas,NOP,32,3,1,2,16.1,7.7,3.0,9.0,33.3,1.0,4.0,25.0,0.7,0.7,100.0,0.3,1.0,1.3,1.7,2.0,0.3,0.0,1.0,10.8,0.0,0.0,2.7
502,Armoni Brooks,160204.0,armoni,brooks,Armoni Brooks,HOU,23,20,3,17,26.0,11.2,3.9,9.6,40.6,3.0,7.9,38.2,0.4,0.6,58.3,0.5,2.9,3.4,1.5,1.1,0.6,0.3,1.7,18.9,0.0,0.0,-6.8
503,Jordan Bone,160190.0,jordan,bone,Jordan Bone,ORL,23,14,2,12,14.0,4.0,1.6,3.9,42.6,0.7,2.3,31.3,0.0,0.0,0.0,0.3,1.4,1.7,1.3,0.2,0.1,0.0,0.8,8.2,0.0,0.0,-4.2
504,Jaylen Hoard,152921.0,jaylen,hoard,Jaylen Hoard,OKC,22,19,1,18,16.8,6.1,2.3,4.6,50.0,0.0,0.6,0.0,1.5,2.2,68.3,1.1,2.3,3.4,1.3,0.9,0.7,0.3,1.0,14.1,0.0,0.0,-3.3
505,Amida Brimah,145639.0,amida,brimah,Amida Brimah,IND,27,5,2,3,5.9,2.6,1.0,1.6,62.5,0.0,0.0,0.0,0.6,0.6,100.0,0.4,1.2,1.6,0.2,0.8,0.0,1.0,0.8,7.0,0.0,0.0,4.4
506,Didi Louzada,145639.0,didi,louzada,Didi Louzada,NOP,21,3,0,3,18.8,2.7,1.0,4.3,23.1,0.7,2.7,25.0,0.0,0.0,0.0,0.3,0.7,1.0,1.0,1.0,0.7,0.0,1.7,6.4,0.0,0.0,-3.7
507,James Nunnally,127434.0,james,nunnally,James Nunnally,NOP,30,9,3,6,5.3,1.7,0.6,1.4,38.5,0.4,1.3,33.3,0.1,0.2,50.0,0.2,0.8,1.0,0.3,0.2,0.0,0.0,0.1,3.1,0.0,0.0,-0.4
508,Dakota Mathias,101939.0,dakota,mathias,Dakota Mathias,PHI,25,8,4,4,15.4,6.0,2.4,6.0,39.6,1.0,3.3,30.8,0.3,0.8,33.3,0.1,0.8,0.9,1.6,0.1,0.1,0.4,0.9,10.9,0.0,0.0,-3.9
509,Malik Fitts,72819.0,malik,fitts,Malik Fitts,LAC,23,3,3,0,3.6,1.0,0.3,1.0,33.3,0.3,0.7,50.0,0.0,0.0,0.0,0.0,1.0,1.0,0.0,0.0,0.0,0.0,1.0,2.2,0.0,0.0,-2.0
510,Jeremiah Martin,69179.0,jeremiah,martin,Jeremiah Martin,CLE,25,9,0,9,8.4,2.4,1.0,3.7,27.3,0.3,1.3,25.0,0.1,0.6,20.0,0.2,0.6,0.8,0.4,0.7,0.6,0.2,0.1,5.7,0.0,0.0,-2.9
511,Louis King,58255.0,louis,king,Louis King,SAC,22,6,3,3,14.2,7.3,2.8,5.7,50.0,0.7,1.8,36.4,1.0,1.0,100.0,0.8,2.2,3.0,1.5,0.7,1.2,0.5,1.5,17.5,0.0,0.0,-0.5
512,Cameron Oliver,50974.0,cameron,oliver,Cameron Oliver,HOU,24,4,1,3,21.8,10.8,4.8,8.3,57.6,1.0,3.3,30.8,0.3,1.0,25.0,1.3,4.0,5.3,1.3,0.8,0.5,1.0,2.8,22.7,1.0,0.0,-2.8
513,Cam Reynolds,39410.0,cam,reynolds,Cam Reynolds,HOU,26,5,3,2,8.1,3.0,1.2,3.6,33.3,0.6,2.4,25.0,0.0,0.0,0.0,0.4,0.6,1.0,0.4,0.0,0.0,0.0,0.4,4.8,0.0,0.0,-5.2
514,Elijah Bryant,29127.0,elijah,bryant,Elijah Bryant,MIL,26,1,0,1,31.6,16.0,6.0,13.0,46.2,1.0,5.0,20.0,3.0,3.0,100.0,2.0,4.0,6.0,3.0,4.0,0.0,1.0,4.0,26.7,0.0,0.0,11.0
